-- MySQL dump 10.13  Distrib 5.1.73, for redhat-linux-gnu (x86_64)
--
-- Host: localhost    Database: va_registry
-- ------------------------------------------------------
-- Server version	5.1.73

/*!40101 SET @OLD_CHARACTER_SET_CLIENT=@@CHARACTER_SET_CLIENT */;
/*!40101 SET @OLD_CHARACTER_SET_RESULTS=@@CHARACTER_SET_RESULTS */;
/*!40101 SET @OLD_COLLATION_CONNECTION=@@COLLATION_CONNECTION */;
/*!40101 SET NAMES utf8 */;
/*!40103 SET @OLD_TIME_ZONE=@@TIME_ZONE */;
/*!40103 SET TIME_ZONE='+00:00' */;
/*!40014 SET @OLD_UNIQUE_CHECKS=@@UNIQUE_CHECKS, UNIQUE_CHECKS=0 */;
/*!40014 SET @OLD_FOREIGN_KEY_CHECKS=@@FOREIGN_KEY_CHECKS, FOREIGN_KEY_CHECKS=0 */;
/*!40101 SET @OLD_SQL_MODE=@@SQL_MODE, SQL_MODE='NO_AUTO_VALUE_ON_ZERO' */;
/*!40111 SET @OLD_SQL_NOTES=@@SQL_NOTES, SQL_NOTES=0 */;

--
-- Table structure for table `agent`
--

DROP TABLE IF EXISTS `agent`;
/*!40101 SET @saved_cs_client     = @@character_set_client */;
/*!40101 SET character_set_client = utf8 */;
CREATE TABLE `agent` (
  `agent_id` varchar(127) NOT NULL,
  `first_name` varchar(256) NOT NULL,
  `last_name` varchar(256) NOT NULL,
  PRIMARY KEY (`agent_id`)
) ENGINE=MyISAM DEFAULT CHARSET=latin1;
/*!40101 SET character_set_client = @saved_cs_client */;

--
-- Dumping data for table `agent`
--

LOCK TABLES `agent` WRITE;
/*!40000 ALTER TABLE `agent` DISABLE KEYS */;
/*!40000 ALTER TABLE `agent` ENABLE KEYS */;
UNLOCK TABLES;

--
-- Table structure for table `agent_profile`
--

DROP TABLE IF EXISTS `agent_profile`;
/*!40101 SET @saved_cs_client     = @@character_set_client */;
/*!40101 SET character_set_client = utf8 */;
CREATE TABLE `agent_profile` (
  `agent_id` varchar(127) NOT NULL,
  `profile_type_id` varchar(127) NOT NULL,
  `profile_value` varchar(256) NOT NULL,
  PRIMARY KEY (`agent_id`,`profile_type_id`),
  KEY `profile_type_id` (`profile_type_id`)
) ENGINE=MyISAM DEFAULT CHARSET=latin1;
/*!40101 SET character_set_client = @saved_cs_client */;

--
-- Dumping data for table `agent_profile`
--

LOCK TABLES `agent_profile` WRITE;
/*!40000 ALTER TABLE `agent_profile` DISABLE KEYS */;
/*!40000 ALTER TABLE `agent_profile` ENABLE KEYS */;
UNLOCK TABLES;

--
-- Table structure for table `agent_role`
--

DROP TABLE IF EXISTS `agent_role`;
/*!40101 SET @saved_cs_client     = @@character_set_client */;
/*!40101 SET character_set_client = utf8 */;
CREATE TABLE `agent_role` (
  `agent_id` varchar(127) NOT NULL,
  `role_type_id` varchar(127) NOT NULL,
  PRIMARY KEY (`agent_id`,`role_type_id`),
  KEY `role_type_id` (`role_type_id`)
) ENGINE=MyISAM DEFAULT CHARSET=latin1;
/*!40101 SET character_set_client = @saved_cs_client */;

--
-- Dumping data for table `agent_role`
--

LOCK TABLES `agent_role` WRITE;
/*!40000 ALTER TABLE `agent_role` DISABLE KEYS */;
/*!40000 ALTER TABLE `agent_role` ENABLE KEYS */;
UNLOCK TABLES;

--
-- Table structure for table `aggregation`
--

DROP TABLE IF EXISTS `aggregation`;
/*!40101 SET @saved_cs_client     = @@character_set_client */;
/*!40101 SET character_set_client = utf8 */;
CREATE TABLE `aggregation` (
  `parent_id` varchar(127) NOT NULL,
  `child_id` varchar(127) NOT NULL,
  PRIMARY KEY (`parent_id`,`child_id`),
  KEY `child_id` (`child_id`)
) ENGINE=MyISAM DEFAULT CHARSET=latin1;
/*!40101 SET character_set_client = @saved_cs_client */;

--
-- Dumping data for table `aggregation`
--

LOCK TABLES `aggregation` WRITE;
/*!40000 ALTER TABLE `aggregation` DISABLE KEYS */;
INSERT INTO `aggregation` VALUES ('0142a662-34f9-493a-a2ff-c069c87007ba','1efb0211-65e2-4c96-9753-090e8f1af6cc'),('0142a662-34f9-493a-a2ff-c069c87007ba','1f106c02-a448-4740-99cd-e68f3e95e9eb'),('099c6f88-a486-4987-a988-2d34735a7aa3','0079f343-0b49-462c-ba36-455292040379'),('099c6f88-a486-4987-a988-2d34735a7aa3','2458be72-c4e1-4966-a135-0b7f6a1d48c4'),('0adcfa0c-8dbd-44bb-b774-022645e49f74','999d252a-39ed-4340-b03d-11cae2b9a253'),('0adcfa0c-8dbd-44bb-b774-022645e49f74','e1a7f310-6573-4ec5-866c-5999927906d8'),('0dca3d93-d24a-4a98-a4cb-4a02fa6e0062','08ae5f3f-51cb-485a-8804-f523c835ba00'),('0dca3d93-d24a-4a98-a4cb-4a02fa6e0062','c123eeb5-6e3b-482c-946d-22ba90191954'),('3830ed6c-98fc-425b-a33c-2559ce86796c','7a10a478-ef78-4bcf-a9de-07a3331a2353'),('3830ed6c-98fc-425b-a33c-2559ce86796c','d27d12b5-40c3-449d-87cc-9f7d7a64e1d7'),('57505193-689f-4e3d-a930-533d2c9eeb82','b06e1e1e-a3fc-4a9b-aa95-d14168d49593'),('57505193-689f-4e3d-a930-533d2c9eeb82','fa7fe347-66fc-4a40-8fa9-6c42c9b009ce'),('65b4d702-1192-41ec-a9d3-a9e3c3c1b116','7bce88cf-9ab7-418f-b789-c6a41d781e4a'),('65b4d702-1192-41ec-a9d3-a9e3c3c1b116','84c64477-cdc3-4756-affd-2a7fa699bc39'),('6f551f32-4d79-43ed-a6e5-9624c2423c55','acaf8438-131e-455e-94d1-f404ae30fc00'),('6f551f32-4d79-43ed-a6e5-9624c2423c55','d624b35a-7e71-41d0-94c5-eb52674134d4'),('8dc311e1-6f9d-4a0e-aef7-5371589f02e2','5ea378b7-c564-4bb9-8a8d-5d8c4a9db564'),('8dc311e1-6f9d-4a0e-aef7-5371589f02e2','e3606396-5dc2-4136-8bed-edd0f762aa93'),('8e8c2f51-6abd-4ad9-85a7-9ff21738ef8e','0b5cd705-682c-4b23-b08e-d198d9fbfbe3'),('8e8c2f51-6abd-4ad9-85a7-9ff21738ef8e','92ce6f04-b50e-4f79-b8cc-c67eda2d9366'),('9ec8f8fb-6af7-4257-a73c-2df8380fb586','0d80c1ef-cdc9-4a89-a499-d98663910cc7'),('9ec8f8fb-6af7-4257-a73c-2df8380fb586','c27e22c9-0347-4721-9aba-e00f3cf3846e'),('a326fa4a-ff67-4eaa-990d-35d00b9dfed9','44ddc9ba-d0af-45e8-9738-739e67371015'),('a326fa4a-ff67-4eaa-990d-35d00b9dfed9','560d2a74-1a4b-428b-add9-eb1a4ebe29df'),('a70636a7-777c-43a8-8a34-af7f24f9db97','491db858-0fe6-47f6-8bd5-d90598cc2eb2'),('a70636a7-777c-43a8-8a34-af7f24f9db97','798fd8b5-1061-415a-a6c4-76781313ff7b'),('aa1b2436-d076-4ee8-8505-6c90685c5bc6','c0d46954-33b5-4a92-9624-840fe514aaa3'),('aa1b2436-d076-4ee8-8505-6c90685c5bc6','e74eab8d-07e7-4b08-a620-1e9d4648b9be'),('b905af91-0d5d-4fb7-be21-02333fe22d4d','40bd3d9a-309a-479a-af81-04577a9fd396'),('b905af91-0d5d-4fb7-be21-02333fe22d4d','70537a48-6fdc-4e37-aed0-763e948cb2d4'),('c06b3d30-dddf-46b8-b7d5-e86f2b3f1d7e','6b598dd9-d974-42c4-b2e4-8cffce6a5385'),('c06b3d30-dddf-46b8-b7d5-e86f2b3f1d7e','84ff5ead-d439-4a78-b022-bd18d3e81356'),('ebd5e592-ef89-4c09-80de-ee3a62db1ddc','97098fad-34b2-462c-90c0-51e2661a0373'),('ebd5e592-ef89-4c09-80de-ee3a62db1ddc','e8ea4176-612f-40f1-b66c-c1f4ca0a2ced'),('f440fc18-6cd1-4617-8c11-a5c85e149397','46358b29-e910-4d17-a2d9-e42e81f2a8bc'),('f440fc18-6cd1-4617-8c11-a5c85e149397','e00b44ac-7621-4128-a195-0dbf8407ae00'),('f725a78b-f3ee-40ff-bf85-f17dfe0f98c2','bba38e1e-70b9-4b1c-b207-60748eb2034e'),('f725a78b-f3ee-40ff-bf85-f17dfe0f98c2','c0725535-96ae-4414-9204-f1493d36b926'),('http://localhost:8080/sead-wf/entity/1002','http://localhost:8080/sead-wf/entity/1006'),('http://localhost:8080/sead-wf/entity/1002','http://localhost:8080/sead-wf/entity/1007'),('http://localhost:8080/sead-wf/entity/1011','http://localhost:8080/sead-wf/entity/1015'),('http://localhost:8080/sead-wf/entity/1011','http://localhost:8080/sead-wf/entity/1016'),('http://localhost:8080/sead-wf/entity/1020','http://localhost:8080/sead-wf/entity/1024'),('http://localhost:8080/sead-wf/entity/1027','http://localhost:8080/sead-wf/entity/1031'),('http://localhost:8080/sead-wf/entity/1034','http://localhost:8080/sead-wf/entity/1038'),('http://localhost:8080/sead-wf/entity/1041','http://localhost:8080/sead-wf/entity/1045'),('http://localhost:8080/sead-wf/entity/1048','http://localhost:8080/sead-wf/entity/1052'),('http://localhost:8080/sead-wf/entity/1064','http://localhost:8080/sead-wf/entity/1068'),('http://localhost:8080/sead-wf/entity/1064','http://localhost:8080/sead-wf/entity/1069'),('http://localhost:8080/sead-wf/entity/1064','http://localhost:8080/sead-wf/entity/1070'),('http://localhost:8080/sead-wf/entity/1064','http://localhost:8080/sead-wf/entity/1071'),('http://localhost:8080/sead-wf/entity/1077','http://localhost:8080/sead-wf/entity/1081'),('http://localhost:8080/sead-wf/entity/1077','http://localhost:8080/sead-wf/entity/1082'),('http://localhost:8080/sead-wf/entity/1077','http://localhost:8080/sead-wf/entity/1083'),('http://localhost:8080/sead-wf/entity/1077','http://localhost:8080/sead-wf/entity/1084'),('http://localhost:8080/sead-wf/entity/1090','http://localhost:8080/sead-wf/entity/1094'),('http://localhost:8080/sead-wf/entity/1090','http://localhost:8080/sead-wf/entity/1095'),('http://localhost:8080/sead-wf/entity/1090','http://localhost:8080/sead-wf/entity/1096'),('http://localhost:8080/sead-wf/entity/1090','http://localhost:8080/sead-wf/entity/1097'),('http://localhost:8080/sead-wf/entity/21227','http://localhost:8080/sead-wf/entity/21231'),('http://localhost:8080/sead-wf/entity/21227','http://localhost:8080/sead-wf/entity/21232'),('http://localhost:8080/sead-wf/entity/56461','http://localhost:8080/sead-wf/entity/56465'),('http://localhost:8080/sead-wf/entity/56461','http://localhost:8080/sead-wf/entity/56466'),('http://localhost:8080/sead-wf/entity/57470','http://localhost:8080/sead-wf/entity/57474'),('http://localhost:8080/sead-wf/entity/57470','http://localhost:8080/sead-wf/entity/57475'),('http://localhost:8080/sead-wf/entity/58479','http://localhost:8080/sead-wf/entity/58483'),('http://localhost:8080/sead-wf/entity/58479','http://localhost:8080/sead-wf/entity/58484'),('http://localhost:8080/sead-wf/entity/59488','http://localhost:8080/sead-wf/entity/59492'),('http://localhost:8080/sead-wf/entity/59488','http://localhost:8080/sead-wf/entity/59493'),('http://localhost:8080/sead-wf/entity/60497','http://localhost:8080/sead-wf/entity/60501'),('http://localhost:8080/sead-wf/entity/60497','http://localhost:8080/sead-wf/entity/60502'),('http://localhost:8080/sead-wf/entity/61506','http://localhost:8080/sead-wf/entity/61510'),('http://localhost:8080/sead-wf/entity/61506','http://localhost:8080/sead-wf/entity/61511'),('http://localhost:8080/sead-wf/entity/62515','http://localhost:8080/sead-wf/entity/62519'),('http://localhost:8080/sead-wf/entity/62515','http://localhost:8080/sead-wf/entity/62520'),('http://localhost:8080/sead-wf/entity/63524','http://localhost:8080/sead-wf/entity/63528'),('http://localhost:8080/sead-wf/entity/63524','http://localhost:8080/sead-wf/entity/63529'),('http://localhost:8080/sead-wf/entity/64533','http://localhost:8080/sead-wf/entity/64537'),('http://localhost:8080/sead-wf/entity/64533','http://localhost:8080/sead-wf/entity/64538'),('http://localhost:8080/sead-wf/entity/65542','http://localhost:8080/sead-wf/entity/65546'),('http://localhost:8080/sead-wf/entity/65542','http://localhost:8080/sead-wf/entity/65547'),('http://localhost:8080/sead-wf/entity/66551','http://localhost:8080/sead-wf/entity/66555'),('http://localhost:8080/sead-wf/entity/66551','http://localhost:8080/sead-wf/entity/66556'),('http://localhost:8080/sead-wf/entity/67560','http://localhost:8080/sead-wf/entity/67564'),('http://localhost:8080/sead-wf/entity/67560','http://localhost:8080/sead-wf/entity/67565'),('http://localhost:8080/sead-wf/entity/68569','http://localhost:8080/sead-wf/entity/68573'),('http://localhost:8080/sead-wf/entity/68569','http://localhost:8080/sead-wf/entity/68574'),('http://localhost:8080/sead-wf/entity/68578','http://localhost:8080/sead-wf/entity/68582'),('http://localhost:8080/sead-wf/entity/68578','http://localhost:8080/sead-wf/entity/68583'),('http://localhost:8080/sead-wf/entity/68587','http://localhost:8080/sead-wf/entity/68591'),('http://localhost:8080/sead-wf/entity/68587','http://localhost:8080/sead-wf/entity/68592'),('http://localhost:8080/sead-wf/entity/69625','http://localhost:8080/sead-wf/entity/69629'),('http://localhost:8080/sead-wf/entity/69625','http://localhost:8080/sead-wf/entity/69630'),('http://localhost:8080/sead-wf/entity/69634','http://localhost:8080/sead-wf/entity/69638'),('http://localhost:8080/sead-wf/entity/69634','http://localhost:8080/sead-wf/entity/69639'),('http://localhost:8080/sead-wf/entity/69643','http://localhost:8080/sead-wf/entity/69647'),('http://localhost:8080/sead-wf/entity/69643','http://localhost:8080/sead-wf/entity/69648'),('http://localhost:8080/sead-wf/entity/72670','http://localhost:8080/sead-wf/entity/72674'),('http://localhost:8080/sead-wf/entity/72670','http://localhost:8080/sead-wf/entity/72675'),('http://localhost:8080/sead-wf/entity/72679','http://localhost:8080/sead-wf/entity/72683'),('http://localhost:8080/sead-wf/entity/72679','http://localhost:8080/sead-wf/entity/72684'),('http://localhost:8080/sead-wf/entity/73688','http://localhost:8080/sead-wf/entity/73692'),('http://localhost:8080/sead-wf/entity/73688','http://localhost:8080/sead-wf/entity/73693'),('http://localhost:8080/sead-wf/entity/73697','http://localhost:8080/sead-wf/entity/73701'),('http://localhost:8080/sead-wf/entity/73697','http://localhost:8080/sead-wf/entity/73702'),('http://localhost:8080/sead-wf/entity/73706','http://localhost:8080/sead-wf/entity/73710'),('http://localhost:8080/sead-wf/entity/73706','http://localhost:8080/sead-wf/entity/73711'),('http://localhost:8080/sead-wf/entity/74715','http://localhost:8080/sead-wf/entity/74719'),('http://localhost:8080/sead-wf/entity/74715','http://localhost:8080/sead-wf/entity/74720'),('http://localhost:8080/sead-wf/entity/74724','http://localhost:8080/sead-wf/entity/74728'),('http://localhost:8080/sead-wf/entity/74724','http://localhost:8080/sead-wf/entity/74729'),('http://localhost:8080/sead-wf/entity/74733','http://localhost:8080/sead-wf/entity/74737'),('http://localhost:8080/sead-wf/entity/74733','http://localhost:8080/sead-wf/entity/74738'),('http://localhost:8080/sead-wf/entity/75742','http://localhost:8080/sead-wf/entity/75746'),('http://localhost:8080/sead-wf/entity/75742','http://localhost:8080/sead-wf/entity/75747'),('http://localhost:8080/sead-wf/entity/75751','http://localhost:8080/sead-wf/entity/75755'),('http://localhost:8080/sead-wf/entity/75751','http://localhost:8080/sead-wf/entity/75756'),('http://localhost:8080/sead-wf/entity/75760','http://localhost:8080/sead-wf/entity/75764'),('http://localhost:8080/sead-wf/entity/75760','http://localhost:8080/sead-wf/entity/75765'),('http://localhost:8080/sead-wf/entity/76769','http://localhost:8080/sead-wf/entity/76773'),('http://localhost:8080/sead-wf/entity/76769','http://localhost:8080/sead-wf/entity/76774'),('http://localhost:8080/sead-wf/entity/77778','http://localhost:8080/sead-wf/entity/77782'),('http://localhost:8080/sead-wf/entity/77778','http://localhost:8080/sead-wf/entity/77783'),('http://localhost:8080/sead-wf/entity/77787','http://localhost:8080/sead-wf/entity/77791'),('http://localhost:8080/sead-wf/entity/77787','http://localhost:8080/sead-wf/entity/77792'),('http://localhost:8080/sead-wf/entity/78796','http://localhost:8080/sead-wf/entity/78800'),('http://localhost:8080/sead-wf/entity/78796','http://localhost:8080/sead-wf/entity/78801'),('http://localhost:8080/sead-wf/entity/79805','http://localhost:8080/sead-wf/entity/79809'),('http://localhost:8080/sead-wf/entity/79805','http://localhost:8080/sead-wf/entity/79810'),('http://localhost:8080/sead-wf/entity/80814','http://localhost:8080/sead-wf/entity/80818'),('http://localhost:8080/sead-wf/entity/80814','http://localhost:8080/sead-wf/entity/80819'),('http://localhost:8080/sead-wf/entity/81823','http://localhost:8080/sead-wf/entity/81827'),('http://localhost:8080/sead-wf/entity/81823','http://localhost:8080/sead-wf/entity/81828'),('http://localhost:8080/sead-wf/entity/82832','http://localhost:8080/sead-wf/entity/82836'),('http://localhost:8080/sead-wf/entity/82832','http://localhost:8080/sead-wf/entity/82837'),('http://localhost:8080/sead-wf/entity/82841','http://localhost:8080/sead-wf/entity/82845'),('http://localhost:8080/sead-wf/entity/82841','http://localhost:8080/sead-wf/entity/82846'),('http://localhost:8080/sead-wf/entity/83850','http://localhost:8080/sead-wf/entity/83854'),('http://localhost:8080/sead-wf/entity/83850','http://localhost:8080/sead-wf/entity/83855'),('http://localhost:8080/sead-wf/entity/84859','http://localhost:8080/sead-wf/entity/84863'),('http://localhost:8080/sead-wf/entity/84859','http://localhost:8080/sead-wf/entity/84864'),('http://localhost:8080/sead-wf/entity/85868','http://localhost:8080/sead-wf/entity/85872'),('http://localhost:8080/sead-wf/entity/85868','http://localhost:8080/sead-wf/entity/85873'),('http://localhost:8080/sead-wf/entity/86877','http://localhost:8080/sead-wf/entity/86881'),('http://localhost:8080/sead-wf/entity/86877','http://localhost:8080/sead-wf/entity/86882'),('http://localhost:8080/sead-wf/entity/87886','http://localhost:8080/sead-wf/entity/87890'),('http://localhost:8080/sead-wf/entity/87886','http://localhost:8080/sead-wf/entity/87891'),('http://localhost:8080/sead-wf/entity/88910','http://localhost:8080/sead-wf/entity/88914'),('http://localhost:8080/sead-wf/entity/88910','http://localhost:8080/sead-wf/entity/88915'),('http://localhost:8080/sead-wf/entity/88919','http://localhost:8080/sead-wf/entity/88923'),('http://localhost:8080/sead-wf/entity/88919','http://localhost:8080/sead-wf/entity/88924'),('http://localhost:8080/sead-wf/entity/88928','http://localhost:8080/sead-wf/entity/88932'),('http://localhost:8080/sead-wf/entity/88928','http://localhost:8080/sead-wf/entity/88933'),('http://localhost:8080/sead-wf/entity/88937','http://localhost:8080/sead-wf/entity/88941'),('http://localhost:8080/sead-wf/entity/88937','http://localhost:8080/sead-wf/entity/88942'),('http://localhost:8080/sead-wf/entity/88946','http://localhost:8080/sead-wf/entity/88950'),('http://localhost:8080/sead-wf/entity/88946','http://localhost:8080/sead-wf/entity/88951'),('http://localhost:8080/sead-wf/entity/88955','http://localhost:8080/sead-wf/entity/88959'),('http://localhost:8080/sead-wf/entity/88955','http://localhost:8080/sead-wf/entity/88960'),('http://localhost:8080/sead-wf/entity/88964','http://localhost:8080/sead-wf/entity/88968'),('http://localhost:8080/sead-wf/entity/88964','http://localhost:8080/sead-wf/entity/88969'),('http://localhost:8080/sead-wf/entity/88973','http://localhost:8080/sead-wf/entity/88977'),('http://localhost:8080/sead-wf/entity/88973','http://localhost:8080/sead-wf/entity/88978'),('http://localhost:8080/sead-wf/entity/88973','http://localhost:8080/sead-wf/entity/88979'),('http://localhost:8080/sead-wf/entity/88973','http://localhost:8080/sead-wf/entity/88980'),('http://localhost:8080/sead-wf/entity/88986','http://localhost:8080/sead-wf/entity/88990'),('http://localhost:8080/sead-wf/entity/88986','http://localhost:8080/sead-wf/entity/88991'),('http://localhost:8080/sead-wf/entity/88995','http://localhost:8080/sead-wf/entity/88999'),('http://localhost:8080/sead-wf/entity/88995','http://localhost:8080/sead-wf/entity/89000'),('http://localhost:8080/sead-wf/entity/89004','http://localhost:8080/sead-wf/entity/89008'),('http://localhost:8080/sead-wf/entity/89004','http://localhost:8080/sead-wf/entity/89009'),('http://localhost:8080/sead-wf/entity/89013','http://localhost:8080/sead-wf/entity/89017'),('http://localhost:8080/sead-wf/entity/89013','http://localhost:8080/sead-wf/entity/89018'),('http://localhost:8080/sead-wf/entity/89013','http://localhost:8080/sead-wf/entity/89019'),('http://localhost:8080/sead-wf/entity/89013','http://localhost:8080/sead-wf/entity/89020'),('http://localhost:8080/sead-wf/entity/89026','http://localhost:8080/sead-wf/entity/89030'),('http://localhost:8080/sead-wf/entity/89026','http://localhost:8080/sead-wf/entity/89031'),('http://localhost:8080/sead-wf/entity/89026','http://localhost:8080/sead-wf/entity/89032'),('http://localhost:8080/sead-wf/entity/89026','http://localhost:8080/sead-wf/entity/89033'),('http://localhost:8080/sead-wf/entity/89039','http://localhost:8080/sead-wf/entity/89043'),('http://localhost:8080/sead-wf/entity/89039','http://localhost:8080/sead-wf/entity/89044'),('http://localhost:8080/sead-wf/entity/89039','http://localhost:8080/sead-wf/entity/89045'),('http://localhost:8080/sead-wf/entity/89039','http://localhost:8080/sead-wf/entity/89046'),('http://localhost:8080/sead-wf/entity/89052','http://localhost:8080/sead-wf/entity/89056'),('http://localhost:8080/sead-wf/entity/89052','http://localhost:8080/sead-wf/entity/89057'),('http://localhost:8080/sead-wf/entity/89061','http://localhost:8080/sead-wf/entity/89065'),('http://localhost:8080/sead-wf/entity/89061','http://localhost:8080/sead-wf/entity/89066'),('http://localhost:8080/sead-wf/entity/89061','http://localhost:8080/sead-wf/entity/89067'),('http://localhost:8080/sead-wf/entity/89061','http://localhost:8080/sead-wf/entity/89068'),('http://localhost:8080/sead-wf/entity/89074','http://localhost:8080/sead-wf/entity/89078'),('http://localhost:8080/sead-wf/entity/89074','http://localhost:8080/sead-wf/entity/89079'),('http://localhost:8080/sead-wf/entity/89074','http://localhost:8080/sead-wf/entity/89080'),('http://localhost:8080/sead-wf/entity/89074','http://localhost:8080/sead-wf/entity/89081'),('http://localhost:8080/sead-wf/entity/89087','http://localhost:8080/sead-wf/entity/89091'),('http://localhost:8080/sead-wf/entity/89087','http://localhost:8080/sead-wf/entity/89092'),('http://localhost:8080/sead-wf/entity/89087','http://localhost:8080/sead-wf/entity/89093'),('http://localhost:8080/sead-wf/entity/89087','http://localhost:8080/sead-wf/entity/89094'),('http://localhost:8080/sead-wf/entity/89100','http://localhost:8080/sead-wf/entity/89104'),('http://localhost:8080/sead-wf/entity/89100','http://localhost:8080/sead-wf/entity/89105'),('http://localhost:8080/sead-wf/entity/89100','http://localhost:8080/sead-wf/entity/89106'),('http://localhost:8080/sead-wf/entity/89100','http://localhost:8080/sead-wf/entity/89107'),('http://localhost:8080/sead-wf/entity/89113','http://localhost:8080/sead-wf/entity/89117'),('http://localhost:8080/sead-wf/entity/89113','http://localhost:8080/sead-wf/entity/89118'),('http://localhost:8080/sead-wf/entity/89113','http://localhost:8080/sead-wf/entity/89119'),('http://localhost:8080/sead-wf/entity/89113','http://localhost:8080/sead-wf/entity/89120'),('http://localhost:8080/sead-wf/entity/89126','http://localhost:8080/sead-wf/entity/89130'),('http://localhost:8080/sead-wf/entity/89126','http://localhost:8080/sead-wf/entity/89131'),('http://localhost:8080/sead-wf/entity/89126','http://localhost:8080/sead-wf/entity/89132'),('http://localhost:8080/sead-wf/entity/89126','http://localhost:8080/sead-wf/entity/89133'),('http://localhost:8080/sead-wf/entity/89139','http://localhost:8080/sead-wf/entity/89143'),('http://localhost:8080/sead-wf/entity/89139','http://localhost:8080/sead-wf/entity/89144'),('http://localhost:8080/sead-wf/entity/89139','http://localhost:8080/sead-wf/entity/89145'),('http://localhost:8080/sead-wf/entity/89139','http://localhost:8080/sead-wf/entity/89146');
/*!40000 ALTER TABLE `aggregation` ENABLE KEYS */;
UNLOCK TABLES;

--
-- Table structure for table `base_entity`
--

DROP TABLE IF EXISTS `base_entity`;
/*!40101 SET @saved_cs_client     = @@character_set_client */;
/*!40101 SET character_set_client = utf8 */;
CREATE TABLE `base_entity` (
  `entity_id` varchar(127) NOT NULL,
  `entity_name` varchar(256) NOT NULL,
  `entity_created_time` timestamp NOT NULL DEFAULT CURRENT_TIMESTAMP ON UPDATE CURRENT_TIMESTAMP,
  `entity_last_updated_time` timestamp NOT NULL DEFAULT '0000-00-00 00:00:00',
  PRIMARY KEY (`entity_id`)
) ENGINE=MyISAM DEFAULT CHARSET=latin1;
/*!40101 SET character_set_client = @saved_cs_client */;

--
-- Dumping data for table `base_entity`
--

LOCK TABLES `base_entity` WRITE;
/*!40000 ALTER TABLE `base_entity` DISABLE KEYS */;
INSERT INTO `base_entity` VALUES ('state:1','PO','2014-01-01 05:00:00','2014-01-01 05:00:00'),('state:2','CuO','2014-05-18 04:21:11','2014-05-18 04:21:11'),('state:3','CO','2014-05-18 04:21:11','2014-05-18 04:21:11'),('http://localhost:8080/sead-wf/entity/20201','Test deliverable unit','2014-07-07 12:32:40','2014-07-07 12:32:40'),('http://localhost:8080/sead-wf/entity/20205','Test deliverable unit','2014-07-07 12:33:44','2014-07-07 12:33:44'),('http://localhost:8080/sead-wf/entity/21227','IU-cd3d9d62-5193-4351-b6d0-37d6f64fca40','2014-07-07 15:43:33','2014-07-07 15:43:33'),('http://localhost:8080/sead-wf/entity/21232','sample.pdf','2014-07-07 15:43:34','2014-07-07 15:43:34'),('http://localhost:8080/sead-wf/entity/21231','sample.xls','2014-07-07 15:43:34','2014-07-07 15:43:34'),('7a12226c-3254-46be-9767-fea7c6005028','IU-c63f90fc-5f0d-418a-819b-229b36493a8a','2014-07-08 16:16:16','2014-07-08 16:16:16'),('563d12f5-96ee-4a36-ab6b-80ea0451801c','IU-b6a5b4fd-db84-49f1-87ab-706a94b38268','2014-07-08 16:20:53','2014-07-08 16:20:53'),('8e8c2f51-6abd-4ad9-85a7-9ff21738ef8e','IU-1ef5816b-cefd-4222-8e6e-37fd873e24cd','2014-07-08 16:22:48','2014-07-08 16:22:48'),('0b5cd705-682c-4b23-b08e-d198d9fbfbe3','sample.pdf','2014-07-08 16:22:48','2014-07-08 16:22:48'),('92ce6f04-b50e-4f79-b8cc-c67eda2d9366','sample.xls','2014-07-08 16:22:48','2014-07-08 16:22:48'),('ebd5e592-ef89-4c09-80de-ee3a62db1ddc','IU-4a9e495a-2116-4016-b54c-563ef0440066','2014-07-08 16:30:23','2014-07-08 16:30:23'),('e8ea4176-612f-40f1-b66c-c1f4ca0a2ced','sample.pdf','2014-07-08 16:30:23','2014-07-08 16:30:23'),('97098fad-34b2-462c-90c0-51e2661a0373','sample.xls','2014-07-08 16:30:23','2014-07-08 16:30:23'),('f440fc18-6cd1-4617-8c11-a5c85e149397','IU-d50fb488-7631-4492-9bec-19cc5da46e5d','2014-07-09 01:31:57','2014-07-09 01:31:57'),('46358b29-e910-4d17-a2d9-e42e81f2a8bc','sample.xls','2014-07-09 01:31:57','2014-07-09 01:31:57'),('e00b44ac-7621-4128-a195-0dbf8407ae00','sample.pdf','2014-07-09 01:31:57','2014-07-09 01:31:57'),('9ec8f8fb-6af7-4257-a73c-2df8380fb586','IU-f6fac0ad-a2cf-4116-9556-2a825ca3a19f','2014-07-09 01:53:09','2014-07-09 01:53:09'),('0d80c1ef-cdc9-4a89-a499-d98663910cc7','sample.pdf','2014-07-09 01:53:10','2014-07-09 01:53:10'),('c27e22c9-0347-4721-9aba-e00f3cf3846e','sample.xls','2014-07-09 01:53:10','2014-07-09 01:53:10'),('8dc311e1-6f9d-4a0e-aef7-5371589f02e2','IU-3b7734d5-bc75-4feb-a69b-dd149580e79f','2014-07-09 03:05:00','2014-07-09 03:05:00'),('5ea378b7-c564-4bb9-8a8d-5d8c4a9db564','sample.pdf','2014-07-09 03:05:00','2014-07-09 03:05:00'),('e3606396-5dc2-4136-8bed-edd0f762aa93','sample.xls','2014-07-09 03:05:00','2014-07-09 03:05:00'),('099c6f88-a486-4987-a988-2d34735a7aa3','IU-4aa011cf-e435-49b9-95ed-06e28cd05a6e','2014-07-09 03:32:12','2014-07-09 03:32:12'),('2458be72-c4e1-4966-a135-0b7f6a1d48c4','sample.pdf','2014-07-09 03:32:12','2014-07-09 03:32:12'),('0079f343-0b49-462c-ba36-455292040379','sample.xls','2014-07-09 03:32:12','2014-07-09 03:32:12'),('b905af91-0d5d-4fb7-be21-02333fe22d4d','IU-2e868ace-2431-4e47-9f79-59163373e442','2014-07-09 03:43:55','2014-07-09 03:43:55'),('70537a48-6fdc-4e37-aed0-763e948cb2d4','sample.pdf','2014-07-09 03:43:55','2014-07-09 03:43:55'),('40bd3d9a-309a-479a-af81-04577a9fd396','sample.xls','2014-07-09 03:43:55','2014-07-09 03:43:55'),('0dca3d93-d24a-4a98-a4cb-4a02fa6e0062','IU-a36aadd4-782b-4376-a3ef-8b78ff06a89d','2014-07-09 04:35:17','2014-07-09 04:35:17'),('c123eeb5-6e3b-482c-946d-22ba90191954','sample.pdf','2014-07-09 04:35:17','2014-07-09 04:35:17'),('08ae5f3f-51cb-485a-8804-f523c835ba00','sample.xls','2014-07-09 04:35:17','2014-07-09 04:35:17'),('65b4d702-1192-41ec-a9d3-a9e3c3c1b116','IU-2ab21416-67ca-4eab-b028-860ec530b6d8','2014-07-09 04:56:49','2014-07-09 04:56:49'),('7bce88cf-9ab7-418f-b789-c6a41d781e4a','sample.pdf','2014-07-09 04:56:49','2014-07-09 04:56:49'),('84c64477-cdc3-4756-affd-2a7fa699bc39','sample.xls','2014-07-09 04:56:49','2014-07-09 04:56:49'),('3830ed6c-98fc-425b-a33c-2559ce86796c','IU-ba782ab5-3a83-4bfe-92e4-d2b1371f3f9a','2014-07-09 05:13:25','2014-07-09 05:13:25'),('7a10a478-ef78-4bcf-a9de-07a3331a2353','sample.pdf','2014-07-09 05:13:25','2014-07-09 05:13:25'),('d27d12b5-40c3-449d-87cc-9f7d7a64e1d7','sample.xls','2014-07-09 05:13:25','2014-07-09 05:13:25'),('c06b3d30-dddf-46b8-b7d5-e86f2b3f1d7e','IU-91030ba0-0879-43a5-b840-d258b2564c78','2014-07-09 05:21:18','2014-07-09 05:21:18'),('84ff5ead-d439-4a78-b022-bd18d3e81356','sample.xls','2014-07-09 05:21:18','2014-07-09 05:21:18'),('6b598dd9-d974-42c4-b2e4-8cffce6a5385','sample.pdf','2014-07-09 05:21:18','2014-07-09 05:21:18'),('6f551f32-4d79-43ed-a6e5-9624c2423c55','IU-15c9382b-ba4c-4dcf-8ea4-cb2315a30e0b','2014-07-09 05:27:00','2014-07-09 05:27:00'),('d624b35a-7e71-41d0-94c5-eb52674134d4','sample.xls','2014-07-09 05:27:00','2014-07-09 05:27:00'),('acaf8438-131e-455e-94d1-f404ae30fc00','sample.pdf','2014-07-09 05:27:01','2014-07-09 05:27:01'),('aa1b2436-d076-4ee8-8505-6c90685c5bc6','IU-0fad328d-8a2e-4142-9b5d-5355ebc88068','2014-07-09 05:34:56','2014-07-09 05:34:56'),('e74eab8d-07e7-4b08-a620-1e9d4648b9be','sample.xls','2014-07-09 05:34:56','2014-07-09 05:34:56'),('c0d46954-33b5-4a92-9624-840fe514aaa3','sample.pdf','2014-07-09 05:34:56','2014-07-09 05:34:56'),('0142a662-34f9-493a-a2ff-c069c87007ba','IU-deb37d5b-f703-4910-a96c-4a51bc528183','2014-07-09 05:51:43','2014-07-09 05:51:43'),('1f106c02-a448-4740-99cd-e68f3e95e9eb','sample.pdf','2014-07-09 05:51:43','2014-07-09 05:51:43'),('1efb0211-65e2-4c96-9753-090e8f1af6cc','sample.xls','2014-07-09 05:51:44','2014-07-09 05:51:44'),('0adcfa0c-8dbd-44bb-b774-022645e49f74','IU-2002ec09-abf2-4ee4-9574-a42b2e3489dd','2014-07-09 06:19:25','2014-07-09 06:19:25'),('999d252a-39ed-4340-b03d-11cae2b9a253','sample.xls','2014-07-09 06:19:25','2014-07-09 06:19:25'),('e1a7f310-6573-4ec5-866c-5999927906d8','sample.pdf','2014-07-09 06:19:25','2014-07-09 06:19:25'),('a70636a7-777c-43a8-8a34-af7f24f9db97','IU-19747aae-ed72-4437-98e2-122650d21385','2014-07-09 06:38:49','2014-07-09 06:38:49'),('491db858-0fe6-47f6-8bd5-d90598cc2eb2','sample.xls','2014-07-09 06:38:49','2014-07-09 06:38:49'),('798fd8b5-1061-415a-a6c4-76781313ff7b','sample.pdf','2014-07-09 06:38:50','2014-07-09 06:38:50'),('f725a78b-f3ee-40ff-bf85-f17dfe0f98c2','IU-2ac76862-662d-42db-8208-c98b6529ef16','2014-07-09 06:40:00','2014-07-09 06:40:00'),('bba38e1e-70b9-4b1c-b207-60748eb2034e','sample.pdf','2014-07-09 06:40:00','2014-07-09 06:40:00'),('c0725535-96ae-4414-9204-f1493d36b926','sample.xls','2014-07-09 06:40:00','2014-07-09 06:40:00'),('a326fa4a-ff67-4eaa-990d-35d00b9dfed9','IU-64c10e72-39bc-49e3-9fff-97a309b0498f','2014-07-09 07:01:54','2014-07-09 07:01:54'),('560d2a74-1a4b-428b-add9-eb1a4ebe29df','sample.pdf','2014-07-09 07:01:54','2014-07-09 07:01:54'),('44ddc9ba-d0af-45e8-9738-739e67371015','sample.xls','2014-07-09 07:01:54','2014-07-09 07:01:54'),('57505193-689f-4e3d-a930-533d2c9eeb82','IU-ff87c17b-55aa-470b-a504-ef6fc2a36dab','2014-07-10 00:14:15','2014-07-10 00:14:15'),('fa7fe347-66fc-4a40-8fa9-6c42c9b009ce','sample.pdf','2014-07-10 00:14:15','2014-07-10 00:14:15'),('b06e1e1e-a3fc-4a9b-aa95-d14168d49593','sample.xls','2014-07-10 00:14:15','2014-07-10 00:14:15'),('http://localhost:8080/sead-wf/entity/56461','IU-dd91a0d4-9f7b-42f4-8469-07af7ab321c5','2014-07-10 00:21:27','2014-07-10 00:21:27'),('http://localhost:8080/sead-wf/entity/56466','sample.pdf','2014-07-10 00:21:27','2014-07-10 00:21:27'),('http://localhost:8080/sead-wf/entity/56465','sample.xls','2014-07-10 00:21:27','2014-07-10 00:21:27'),('http://localhost:8080/sead-wf/entity/57470','IU-77624b63-f89b-4812-92c0-7c692ce3d951','2014-07-10 01:34:20','2014-07-10 01:34:20'),('http://localhost:8080/sead-wf/entity/57474','sample.xls','2014-07-10 01:34:20','2014-07-10 01:34:20'),('http://localhost:8080/sead-wf/entity/57475','sample.pdf','2014-07-10 01:34:20','2014-07-10 01:34:20'),('http://localhost:8080/sead-wf/entity/58479','IU-1dfe5c82-7325-425c-8ca1-7ddfa622e604','2014-07-10 01:49:37','2014-07-10 01:49:37'),('http://localhost:8080/sead-wf/entity/58483','sample.xls','2014-07-10 01:49:37','2014-07-10 01:49:37'),('http://localhost:8080/sead-wf/entity/58484','sample.pdf','2014-07-10 01:49:37','2014-07-10 01:49:37'),('cd5f930b-5f0d-47f2-bf9d-74eca78ea2d4','test','2014-07-10 02:03:49','2014-07-10 02:03:48'),('http://localhost:8080/sead-wf/entity/59488','IU-d8aa293f-01c3-4743-b000-42661de6821e','2014-07-10 03:14:18','2014-07-10 03:14:18'),('http://localhost:8080/sead-wf/entity/59493','sample.pdf','2014-07-10 03:14:18','2014-07-10 03:14:18'),('http://localhost:8080/sead-wf/entity/59492','sample.xls','2014-07-10 03:14:18','2014-07-10 03:14:18'),('http://localhost:8080/sead-wf/entity/60497','IU-d26614e3-34b7-48d8-9790-6a9f43125aaa','2014-07-11 01:45:59','2014-07-11 01:45:59'),('http://localhost:8080/sead-wf/entity/60501','sample.xls','2014-07-11 01:45:59','2014-07-11 01:45:59'),('http://localhost:8080/sead-wf/entity/60502','sample.pdf','2014-07-11 01:45:59','2014-07-11 01:45:59'),('http://localhost:8080/sead-wf/entity/61506','IU-5597ebf9-0fe7-4a24-9359-36690f968f53','2014-07-11 02:36:03','2014-07-11 02:36:03'),('http://localhost:8080/sead-wf/entity/61510','sample.xls','2014-07-11 02:36:03','2014-07-11 02:36:03'),('http://localhost:8080/sead-wf/entity/61511','sample.pdf','2014-07-11 02:36:03','2014-07-11 02:36:03'),('http://localhost:8080/sead-wf/entity/62515','IU-f7990178-c7c7-447d-a258-4a95ce70c372','2014-07-11 02:49:07','2014-07-11 02:49:06'),('http://localhost:8080/sead-wf/entity/62519','sample.xls','2014-07-11 02:49:07','2014-07-11 02:49:07'),('http://localhost:8080/sead-wf/entity/62520','sample.pdf','2014-07-11 02:49:07','2014-07-11 02:49:07'),('http://localhost:8080/sead-wf/entity/63524','IU-4c8b6105-2d0a-499e-9cc4-f79aafb68c08','2014-07-11 05:08:07','2014-07-11 05:08:07'),('http://localhost:8080/sead-wf/entity/63528','sample.xls','2014-07-11 05:08:07','2014-07-11 05:08:07'),('http://localhost:8080/sead-wf/entity/63529','sample.pdf','2014-07-11 05:08:07','2014-07-11 05:08:07'),('http://localhost:8080/sead-wf/entity/64533','IU-e2439972-d3b4-458c-8288-d8aa5ab99cca','2014-07-11 05:17:57','2014-07-11 05:17:57'),('http://localhost:8080/sead-wf/entity/64538','sample.pdf','2014-07-11 05:17:57','2014-07-11 05:17:57'),('http://localhost:8080/sead-wf/entity/64537','sample.xls','2014-07-11 05:17:57','2014-07-11 05:17:57'),('http://localhost:8080/sead-wf/entity/65542','IU-00ed287f-a014-49d5-8c02-287978bfd9aa','2014-07-11 05:28:37','2014-07-11 05:28:36'),('http://localhost:8080/sead-wf/entity/65546','sample.xls','2014-07-11 05:28:37','2014-07-11 05:28:37'),('http://localhost:8080/sead-wf/entity/65547','sample.pdf','2014-07-11 05:28:37','2014-07-11 05:28:37'),('http://localhost:8080/sead-wf/entity/66551','IU-9a6885d9-cc0a-471d-b629-b19dc0c3ae16','2014-07-12 14:30:49','2014-07-12 14:30:49'),('http://localhost:8080/sead-wf/entity/66555','sample.xls','2014-07-12 14:30:49','2014-07-12 14:30:49'),('http://localhost:8080/sead-wf/entity/66556','sample.pdf','2014-07-12 14:30:49','2014-07-12 14:30:49'),('http://localhost:8080/sead-wf/entity/67560','IU-1483f7dd-e80c-425e-b769-bce6992ea904','2014-07-12 18:09:07','2014-07-12 18:09:07'),('http://localhost:8080/sead-wf/entity/67564','sample.xls','2014-07-12 18:09:07','2014-07-12 18:09:07'),('http://localhost:8080/sead-wf/entity/67565','sample.pdf','2014-07-12 18:09:07','2014-07-12 18:09:07'),('http://localhost:8080/sead-wf/entity/68569','IU-58944259-fba6-456a-9501-3c496084986e','2014-07-12 18:26:49','2014-07-12 18:26:49'),('http://localhost:8080/sead-wf/entity/68573','sample.xls','2014-07-12 18:26:49','2014-07-12 18:26:49'),('http://localhost:8080/sead-wf/entity/68574','sample.pdf','2014-07-12 18:26:49','2014-07-12 18:26:49'),('http://localhost:8080/sead-wf/entity/68578','IU-c710faf7-3f5d-44d2-9972-42e3cd3e5bf5','2014-07-13 13:51:32','2014-07-13 13:51:32'),('http://localhost:8080/sead-wf/entity/68583','sample.pdf','2014-07-13 13:51:32','2014-07-13 13:51:32'),('http://localhost:8080/sead-wf/entity/68582','sample.xls','2014-07-13 13:51:32','2014-07-13 13:51:32'),('http://localhost:8080/sead-wf/entity/68587','IU-13050894-1df3-4054-b772-5388c91b34ea','2014-07-13 16:02:37','2014-07-13 16:02:37'),('http://localhost:8080/sead-wf/entity/68592','sample.pdf','2014-07-13 16:02:37','2014-07-13 16:02:37'),('http://localhost:8080/sead-wf/entity/68591','sample.xls','2014-07-13 16:02:37','2014-07-13 16:02:37'),('http://localhost:8080/sead-wf/entity/69625','IU-d5c23cf0-a4f4-47a9-b15b-e4692fed73f4','2014-07-13 16:17:50','2014-07-13 16:17:50'),('http://localhost:8080/sead-wf/entity/69629','sample.xls','2014-07-13 16:17:50','2014-07-13 16:17:50'),('http://localhost:8080/sead-wf/entity/69630','sample.pdf','2014-07-13 16:17:50','2014-07-13 16:17:50'),('http://localhost:8080/sead-wf/entity/69634','IU-04df83a3-939e-48d6-bb51-27332ff0571c','2014-07-13 16:25:22','2014-07-13 16:25:22'),('http://localhost:8080/sead-wf/entity/69639','sample.pdf','2014-07-13 16:25:22','2014-07-13 16:25:22'),('http://localhost:8080/sead-wf/entity/69638','sample.xls','2014-07-13 16:25:22','2014-07-13 16:25:22'),('http://localhost:8080/sead-wf/entity/69643','IU-2a266957-86fd-4322-8833-76d1d0b88721','2014-07-13 16:32:20','2014-07-13 16:32:20'),('http://localhost:8080/sead-wf/entity/69647','sample.xls','2014-07-13 16:32:20','2014-07-13 16:32:20'),('http://localhost:8080/sead-wf/entity/69648','sample.pdf','2014-07-13 16:32:20','2014-07-13 16:32:20'),('http://localhost:8080/sead-wf/entity/72670','IU-b526b7ca-8ef4-4ed7-9a60-ff9a32ab152a','2014-07-13 18:14:44','2014-07-13 18:14:44'),('http://localhost:8080/sead-wf/entity/72674','sample.xls','2014-07-13 18:14:44','2014-07-13 18:14:44'),('http://localhost:8080/sead-wf/entity/72675','sample.pdf','2014-07-13 18:14:44','2014-07-13 18:14:44'),('http://localhost:8080/sead-wf/entity/72679','IU-4c892629-1033-4d23-b989-b5d1fe8637c8','2014-07-13 18:26:28','2014-07-13 18:26:28'),('http://localhost:8080/sead-wf/entity/72683','sample.xls','2014-07-13 18:26:28','2014-07-13 18:26:28'),('http://localhost:8080/sead-wf/entity/72684','sample.pdf','2014-07-13 18:26:28','2014-07-13 18:26:28'),('http://localhost:8080/sead-wf/entity/73688','IU-c9558887-d5ca-45d4-9c88-244218746ded','2014-07-14 02:43:32','2014-07-14 02:43:32'),('http://localhost:8080/sead-wf/entity/73692','sample.xls','2014-07-14 02:43:32','2014-07-14 02:43:32'),('http://localhost:8080/sead-wf/entity/73693','sample.pdf','2014-07-14 02:43:32','2014-07-14 02:43:32'),('http://localhost:8080/sead-wf/entity/73697','IU-d1268259-47fe-473e-bf14-15ab9997b365','2014-07-15 05:12:02','2014-07-15 05:12:02'),('http://localhost:8080/sead-wf/entity/73702','sample.pdf','2014-07-15 05:12:02','2014-07-15 05:12:02'),('http://localhost:8080/sead-wf/entity/73701','sample.xls','2014-07-15 05:12:02','2014-07-15 05:12:02'),('http://localhost:8080/sead-wf/entity/73706','IU-842b5c91-10a4-42a6-94cc-138e40627d68','2014-07-15 05:16:44','2014-07-15 05:16:44'),('http://localhost:8080/sead-wf/entity/73711','sample.pdf','2014-07-15 05:16:44','2014-07-15 05:16:44'),('http://localhost:8080/sead-wf/entity/73710','sample.xls','2014-07-15 05:16:44','2014-07-15 05:16:44'),('http://localhost:8080/sead-wf/entity/74715','IU-b0db0b4a-e5f8-49de-9280-19ee6350bd1f','2014-07-17 00:46:08','2014-07-17 00:46:08'),('http://localhost:8080/sead-wf/entity/74720','sample.pdf','2014-07-17 00:46:08','2014-07-17 00:46:08'),('http://localhost:8080/sead-wf/entity/74719','sample.xls','2014-07-17 00:46:08','2014-07-17 00:46:08'),('http://localhost:8080/sead-wf/entity/74724','IU-b6d7ffbe-9203-40d6-b4c7-883ec52f46fe','2014-07-17 00:56:01','2014-07-17 00:56:01'),('http://localhost:8080/sead-wf/entity/74728','sample.xls','2014-07-17 00:56:01','2014-07-17 00:56:01'),('http://localhost:8080/sead-wf/entity/74729','sample.pdf','2014-07-17 00:56:01','2014-07-17 00:56:01'),('http://localhost:8080/sead-wf/entity/74733','IU-535a5455-6e22-43b7-a8a5-207af88dcb76','2014-07-17 01:22:12','2014-07-17 01:22:12'),('http://localhost:8080/sead-wf/entity/74737','sample.xls','2014-07-17 01:22:12','2014-07-17 01:22:12'),('http://localhost:8080/sead-wf/entity/74738','sample.pdf','2014-07-17 01:22:12','2014-07-17 01:22:12'),('http://localhost:8080/sead-wf/entity/75742','IU-4afc331b-a2e6-4aaf-add5-62c2812038e8','2014-07-17 01:30:10','2014-07-17 01:30:10'),('http://localhost:8080/sead-wf/entity/75746','sample.xls','2014-07-17 01:30:10','2014-07-17 01:30:10'),('http://localhost:8080/sead-wf/entity/75747','sample.pdf','2014-07-17 01:30:10','2014-07-17 01:30:10'),('http://localhost:8080/sead-wf/entity/75751','IU-eabfef07-ae5a-4e8e-b461-7d895cbc276c','2014-07-17 01:39:23','2014-07-17 01:39:23'),('http://localhost:8080/sead-wf/entity/75756','sample.pdf','2014-07-17 01:39:23','2014-07-17 01:39:23'),('http://localhost:8080/sead-wf/entity/75755','sample.xls','2014-07-17 01:39:23','2014-07-17 01:39:23'),('http://localhost:8080/sead-wf/entity/75760','IU-6f574a57-64ac-4fcd-bc3d-0df72d7b6be2','2014-07-17 01:53:10','2014-07-17 01:53:10'),('http://localhost:8080/sead-wf/entity/75765','sample.pdf','2014-07-17 01:53:10','2014-07-17 01:53:10'),('http://localhost:8080/sead-wf/entity/75764','sample.xls','2014-07-17 01:53:10','2014-07-17 01:53:10'),('b4a8a230-9fd9-4c50-bba5-6b4397dacb4a','test','2014-07-17 13:38:55','2014-07-17 13:38:55'),('80f12f8d-8123-4cc3-b659-4abb9b48423a','test','2014-07-17 13:41:56','2014-07-17 13:41:56'),('93286117-873b-4a4c-bde4-83651f2e0af7','test','2014-07-17 13:42:44','2014-07-17 13:42:44'),('145428db-4ea4-4bfe-9e2d-cb7aa8f94e36','test','2014-07-17 13:44:44','2014-07-17 13:44:44'),('880e3ff1-d802-4ee1-9143-cfc076ba854e','test','2014-07-17 13:46:41','2014-07-17 13:46:41'),('http://localhost:8080/sead-wf/entity/76769','IU-bfc40e2e-3346-49e1-ae9a-1fbf87df49d3','2014-07-17 15:33:21','2014-07-17 15:33:21'),('http://localhost:8080/sead-wf/entity/76774','sample.pdf','2014-07-17 15:33:21','2014-07-17 15:33:21'),('http://localhost:8080/sead-wf/entity/76773','sample.xls','2014-07-17 15:33:21','2014-07-17 15:33:21'),('http://localhost:8080/sead-wf/entity/77778','IU-acab2a8d-9690-4724-8388-ebd6de373932','2014-07-17 15:37:19','2014-07-17 15:37:19'),('http://localhost:8080/sead-wf/entity/77782','sample.xls','2014-07-17 15:37:19','2014-07-17 15:37:19'),('http://localhost:8080/sead-wf/entity/77783','sample.pdf','2014-07-17 15:37:19','2014-07-17 15:37:19'),('http://localhost:8080/sead-wf/entity/77787','IU-2244bac3-64fb-495c-9f75-eeedd6402c1c','2014-07-17 19:23:28','2014-07-17 19:23:28'),('http://localhost:8080/sead-wf/entity/77792','sample.pdf','2014-07-17 19:23:28','2014-07-17 19:23:28'),('http://localhost:8080/sead-wf/entity/77791','sample.xls','2014-07-17 19:23:28','2014-07-17 19:23:28'),('http://localhost:8080/sead-wf/entity/78796','IU-481c9b01-dac7-4791-8210-ef74574943fc','2014-07-17 20:03:24','2014-07-17 20:03:24'),('http://localhost:8080/sead-wf/entity/78801','sample.pdf','2014-07-17 20:03:24','2014-07-17 20:03:24'),('http://localhost:8080/sead-wf/entity/78800','sample.xls','2014-07-17 20:03:24','2014-07-17 20:03:24'),('http://localhost:8080/sead-wf/entity/79805','IU-ae0a9d27-bfb9-489c-b9e7-4a97102a992b','2014-07-17 20:33:25','2014-07-17 20:33:25'),('http://localhost:8080/sead-wf/entity/79809','sample.xls','2014-07-17 20:33:25','2014-07-17 20:33:25'),('http://localhost:8080/sead-wf/entity/79810','sample.pdf','2014-07-17 20:33:25','2014-07-17 20:33:25'),('http://localhost:8080/sead-wf/entity/80814','IU-95d1596a-99b7-48b8-ab5b-2b3aa4b311f7','2014-07-17 20:40:03','2014-07-17 20:40:03'),('http://localhost:8080/sead-wf/entity/80819','sample.pdf','2014-07-17 20:40:03','2014-07-17 20:40:03'),('http://localhost:8080/sead-wf/entity/80818','sample.xls','2014-07-17 20:40:03','2014-07-17 20:40:03'),('http://localhost:8080/sead-wf/entity/81823','IU-cf0160a7-a5ff-4536-8cbe-1ad1fe88f42a','2014-07-17 21:04:25','2014-07-17 21:04:25'),('http://localhost:8080/sead-wf/entity/81828','sample.pdf','2014-07-17 21:04:25','2014-07-17 21:04:25'),('http://localhost:8080/sead-wf/entity/81827','sample.xls','2014-07-17 21:04:25','2014-07-17 21:04:25'),('http://localhost:8080/sead-wf/entity/82832','IU-a0be7efc-7b09-471a-a220-c51ec09debd6','2014-07-17 21:11:11','2014-07-17 21:11:11'),('http://localhost:8080/sead-wf/entity/82837','sample.pdf','2014-07-17 21:11:11','2014-07-17 21:11:11'),('http://localhost:8080/sead-wf/entity/82836','sample.xls','2014-07-17 21:11:11','2014-07-17 21:11:11'),('http://localhost:8080/sead-wf/entity/82841','IU-7f0651cf-ad3e-45d0-a343-aa7ac2c4ad5a','2014-07-17 21:16:11','2014-07-17 21:16:11'),('http://localhost:8080/sead-wf/entity/82845','sample.xls','2014-07-17 21:16:11','2014-07-17 21:16:11'),('http://localhost:8080/sead-wf/entity/82846','sample.pdf','2014-07-17 21:16:11','2014-07-17 21:16:11'),('http://localhost:8080/sead-wf/entity/83850','IU-8bb16f23-ac48-4cb5-98d4-88ca418d4e28','2014-07-18 03:45:01','2014-07-18 03:45:01'),('http://localhost:8080/sead-wf/entity/83854','sample.xls','2014-07-18 03:45:01','2014-07-18 03:45:01'),('http://localhost:8080/sead-wf/entity/83855','sample.pdf','2014-07-18 03:45:01','2014-07-18 03:45:01'),('http://localhost:8080/sead-wf/entity/84859','IU-60ee9b30-c2b5-4a6c-9c7b-f7737dffa775','2014-07-18 04:02:45','2014-07-18 04:02:45'),('http://localhost:8080/sead-wf/entity/84863','sample.xls','2014-07-18 04:02:45','2014-07-18 04:02:45'),('http://localhost:8080/sead-wf/entity/84864','sample.pdf','2014-07-18 04:02:45','2014-07-18 04:02:45'),('http://localhost:8080/sead-wf/entity/85868','IU-6fe6df2a-3a74-4999-8c1b-1b81eae7e5d2','2014-07-18 04:28:51','2014-07-18 04:28:51'),('http://localhost:8080/sead-wf/entity/85873','sample.pdf','2014-07-18 04:28:51','2014-07-18 04:28:51'),('http://localhost:8080/sead-wf/entity/85872','sample.xls','2014-07-18 04:28:51','2014-07-18 04:28:51'),('http://localhost:8080/sead-wf/entity/86877','IU-089c6c68-72a1-4f18-aec7-ad2634a41e59','2014-07-20 20:51:02','2014-07-20 20:51:02'),('http://localhost:8080/sead-wf/entity/86882','sample.pdf','2014-07-20 20:51:02','2014-07-20 20:51:02'),('http://localhost:8080/sead-wf/entity/86881','sample.xls','2014-07-20 20:51:02','2014-07-20 20:51:02'),('http://localhost:8080/sead-wf/entity/87886','IU-7ce213fd-46cc-4d31-9490-7e11426b5383','2014-07-20 22:31:50','2014-07-20 22:31:50'),('http://localhost:8080/sead-wf/entity/87890','sample.xls','2014-07-20 22:31:50','2014-07-20 22:31:50'),('http://localhost:8080/sead-wf/entity/87891','sample.pdf','2014-07-20 22:31:50','2014-07-20 22:31:50'),('http://localhost:8080/sead-wf/entity/88910','IU-eb304dbd-299a-4e96-9989-91fcdd196384','2014-07-24 03:44:52','2014-07-24 03:44:51'),('http://localhost:8080/sead-wf/entity/88914','sample.xls','2014-07-24 03:44:52','2014-07-24 03:44:52'),('http://localhost:8080/sead-wf/entity/88915','sample.pdf','2014-07-24 03:44:52','2014-07-24 03:44:52'),('http://localhost:8080/sead-wf/entity/88919','IU-ca447230-f819-4204-94b6-a8f1877dbd6c','2014-07-24 04:33:16','2014-07-24 04:33:16'),('http://localhost:8080/sead-wf/entity/88924','sample.pdf','2014-07-24 04:33:16','2014-07-24 04:33:16'),('http://localhost:8080/sead-wf/entity/88923','sample.xls','2014-07-24 04:33:16','2014-07-24 04:33:16'),('http://localhost:8080/sead-wf/entity/88928','IU-2f08ede2-bb95-4cb0-8e20-e1b8ddfed990','2014-07-24 04:38:23','2014-07-24 04:38:23'),('http://localhost:8080/sead-wf/entity/88932','sample.xls','2014-07-24 04:38:23','2014-07-24 04:38:23'),('http://localhost:8080/sead-wf/entity/88933','sample.pdf','2014-07-24 04:38:23','2014-07-24 04:38:23'),('http://localhost:8080/sead-wf/entity/88937','IU-203acffd-2f15-4c1d-b0cf-ae69709a77f1','2014-08-25 15:18:37','2014-08-25 15:18:36'),('http://localhost:8080/sead-wf/entity/88942','sample.pdf','2014-08-25 15:18:37','2014-08-25 15:18:37'),('http://localhost:8080/sead-wf/entity/88941','sample.xls','2014-08-25 15:18:37','2014-08-25 15:18:37'),('http://localhost:8080/sead-wf/entity/88946','IU-c8e0cc33-e819-4ed2-8fe5-6d3ce682eaa6','2014-08-25 15:20:08','2014-08-25 15:20:08'),('http://localhost:8080/sead-wf/entity/88951','sample.pdf','2014-08-25 15:20:08','2014-08-25 15:20:08'),('http://localhost:8080/sead-wf/entity/88950','sample.xls','2014-08-25 15:20:08','2014-08-25 15:20:08'),('http://localhost:8080/sead-wf/entity/88955','IU-cd510594-3b65-4eb3-9753-d655e9aee003','2014-08-25 15:48:44','2014-08-25 15:48:44'),('http://localhost:8080/sead-wf/entity/88959','sample.xls','2014-08-25 15:48:44','2014-08-25 15:48:44'),('http://localhost:8080/sead-wf/entity/88960','sample.pdf','2014-08-25 15:48:44','2014-08-25 15:48:44'),('http://localhost:8080/sead-wf/entity/88964','IU-2c54a4d6-6f11-4558-85df-38d84ef74f1d','2014-08-25 15:50:18','2014-08-25 15:50:18'),('http://localhost:8080/sead-wf/entity/88969','sample.pdf','2014-08-25 15:50:19','2014-08-25 15:50:19'),('http://localhost:8080/sead-wf/entity/88968','sample.xls','2014-08-25 15:50:19','2014-08-25 15:50:19'),('http://localhost:8080/sead-wf/entity/88973','IU-590f723e-c13f-4fa6-ae2b-a50dee2f5106','2014-08-25 18:41:25','2014-08-25 18:41:25'),('http://localhost:8080/sead-wf/entity/88980','mdpi_40000000000012.md5','2014-08-25 18:41:25','2014-08-25 18:41:25'),('http://localhost:8080/sead-wf/entity/88978','mdpi_40000000000012.xml','2014-08-25 18:41:25','2014-08-25 18:41:25'),('http://localhost:8080/sead-wf/entity/88977','mdpi_40000000000012_01_pres.mov','2014-08-25 18:41:25','2014-08-25 18:41:25'),('http://localhost:8080/sead-wf/entity/88979','VAC7927.xml','2014-08-25 18:41:25','2014-08-25 18:41:25'),('http://localhost:8080/sead-wf/entity/88986','IU-d4362207-8d13-46a6-964c-92373c061470','2014-08-26 16:16:06','2014-08-26 16:16:05'),('http://localhost:8080/sead-wf/entity/88990','sample.xls','2014-08-26 16:16:06','2014-08-26 16:16:06'),('http://localhost:8080/sead-wf/entity/88991','sample.pdf','2014-08-26 16:16:06','2014-08-26 16:16:06'),('http://localhost:8080/sead-wf/entity/88995','IU-4597903e-f5dc-4b73-8ee2-59ae07e82a2d','2014-08-27 17:03:26','2014-08-27 17:03:26'),('http://localhost:8080/sead-wf/entity/89000','sample.pdf','2014-08-27 17:03:26','2014-08-27 17:03:26'),('http://localhost:8080/sead-wf/entity/88999','sample.xls','2014-08-27 17:03:26','2014-08-27 17:03:26'),('http://localhost:8080/sead-wf/entity/89004','IU-de09b7c0-985a-4fd1-ba46-8130b021d92e','2014-08-27 18:19:35','2014-08-27 18:19:35'),('http://localhost:8080/sead-wf/entity/89009','sample.pdf','2014-08-27 18:19:35','2014-08-27 18:19:35'),('http://localhost:8080/sead-wf/entity/89008','sample.xls','2014-08-27 18:19:35','2014-08-27 18:19:35'),('http://localhost:8080/sead-wf/entity/89013','IU-5cf1a767-03a2-4f34-b900-0b883a2dfc98','2014-08-27 18:29:03','2014-08-27 18:29:02'),('http://localhost:8080/sead-wf/entity/89017','mdpi_40000000000012_01_pres.mov','2014-08-27 18:29:03','2014-08-27 18:29:03'),('http://localhost:8080/sead-wf/entity/89020','mdpi_40000000000012.md5','2014-08-27 18:29:03','2014-08-27 18:29:03'),('http://localhost:8080/sead-wf/entity/89018','mdpi_40000000000012.xml','2014-08-27 18:29:03','2014-08-27 18:29:03'),('http://localhost:8080/sead-wf/entity/89019','VAC7927.xml','2014-08-27 18:29:03','2014-08-27 18:29:03'),('http://localhost:8080/sead-wf/entity/89026','IU-a68eb053-cbd6-423c-950c-4b75af7fc679','2014-08-27 18:56:35','2014-08-27 18:56:35'),('http://localhost:8080/sead-wf/entity/89030','mdpi_40000000000012_01_pres.mov','2014-08-27 18:56:35','2014-08-27 18:56:35'),('http://localhost:8080/sead-wf/entity/89031','mdpi_40000000000012.xml','2014-08-27 18:56:35','2014-08-27 18:56:35'),('http://localhost:8080/sead-wf/entity/89032','VAC7927.xml','2014-08-27 18:56:35','2014-08-27 18:56:35'),('http://localhost:8080/sead-wf/entity/89033','mdpi_40000000000012.md5','2014-08-27 18:56:35','2014-08-27 18:56:35'),('http://localhost:8080/sead-wf/entity/89039','IU-92038f2d-4b13-472a-a05b-f29022121273','2014-08-27 19:18:02','2014-08-27 19:18:02'),('http://localhost:8080/sead-wf/entity/89043','mdpi_40000000000012_01_pres.mov','2014-08-27 19:18:02','2014-08-27 19:18:02'),('http://localhost:8080/sead-wf/entity/89045','VAC7927.xml','2014-08-27 19:18:02','2014-08-27 19:18:02'),('http://localhost:8080/sead-wf/entity/89046','mdpi_40000000000012.md5','2014-08-27 19:18:02','2014-08-27 19:18:02'),('http://localhost:8080/sead-wf/entity/89044','mdpi_40000000000012.xml','2014-08-27 19:18:02','2014-08-27 19:18:02'),('http://localhost:8080/sead-wf/entity/89052','IU-4040ef34-536f-4e38-8534-f6ca5cd4f5e6','2014-09-02 13:31:49','2014-09-02 13:31:49'),('http://localhost:8080/sead-wf/entity/89056','sample.xls','2014-09-02 13:31:49','2014-09-02 13:31:49'),('http://localhost:8080/sead-wf/entity/89057','sample.pdf','2014-09-02 13:31:49','2014-09-02 13:31:49'),('http://localhost:8080/sead-wf/entity/89061','IU-5359df51-3d55-447a-84dc-dbb9349a2866','2014-09-02 15:00:39','2014-09-02 15:00:39'),('http://localhost:8080/sead-wf/entity/89067','VAC7927.xml','2014-09-02 15:00:39','2014-09-02 15:00:39'),('http://localhost:8080/sead-wf/entity/89065','mdpi_40000000000012_01_pres.mov','2014-09-02 15:00:39','2014-09-02 15:00:39'),('http://localhost:8080/sead-wf/entity/89066','mdpi_40000000000012.xml','2014-09-02 15:00:39','2014-09-02 15:00:39'),('http://localhost:8080/sead-wf/entity/89068','mdpi_40000000000012.md5','2014-09-02 15:00:39','2014-09-02 15:00:39'),('http://localhost:8080/sead-wf/entity/89074','IU-2ea49f43-5073-412c-a10f-9d036c6d8b72','2014-09-02 15:08:50','2014-09-02 15:08:50'),('http://localhost:8080/sead-wf/entity/89081','mdpi_40000000000012.md5','2014-09-02 15:08:50','2014-09-02 15:08:50'),('http://localhost:8080/sead-wf/entity/89080','VAC7927.xml','2014-09-02 15:08:50','2014-09-02 15:08:50'),('http://localhost:8080/sead-wf/entity/89079','mdpi_40000000000012.xml','2014-09-02 15:08:50','2014-09-02 15:08:50'),('http://localhost:8080/sead-wf/entity/89078','mdpi_40000000000012_01_pres.mov','2014-09-02 15:08:50','2014-09-02 15:08:50'),('http://localhost:8080/sead-wf/entity/89087','IU-cd94a185-1a9d-4f1b-adeb-a73e07188189','2014-09-02 15:21:39','2014-09-02 15:21:39'),('http://localhost:8080/sead-wf/entity/89094','mdpi_40000000000012.md5','2014-09-02 15:21:39','2014-09-02 15:21:39'),('http://localhost:8080/sead-wf/entity/89093','VAC7927.xml','2014-09-02 15:21:39','2014-09-02 15:21:39'),('http://localhost:8080/sead-wf/entity/89092','mdpi_40000000000012.xml','2014-09-02 15:21:39','2014-09-02 15:21:39'),('http://localhost:8080/sead-wf/entity/89091','mdpi_40000000000012_01_pres.mov','2014-09-02 15:21:39','2014-09-02 15:21:39'),('http://localhost:8080/sead-wf/entity/89100','IU-153a27a3-1f9c-4703-8f8c-3b55a15beec1','2014-09-02 15:37:55','2014-09-02 15:37:55'),('http://localhost:8080/sead-wf/entity/89107','mdpi_40000000000012.md5','2014-09-02 15:37:55','2014-09-02 15:37:55'),('http://localhost:8080/sead-wf/entity/89106','VAC7927.xml','2014-09-02 15:37:55','2014-09-02 15:37:55'),('http://localhost:8080/sead-wf/entity/89104','mdpi_40000000000012_01_pres.mov','2014-09-02 15:37:55','2014-09-02 15:37:55'),('http://localhost:8080/sead-wf/entity/89105','mdpi_40000000000012.xml','2014-09-02 15:37:55','2014-09-02 15:37:55'),('http://localhost:8080/sead-wf/entity/89113','IU-f02df653-925a-42af-8857-7595f122c733','2014-09-02 15:48:39','2014-09-02 15:48:39'),('http://localhost:8080/sead-wf/entity/89117','mdpi_40000000000012_01_pres.mov','2014-09-02 15:48:39','2014-09-02 15:48:39'),('http://localhost:8080/sead-wf/entity/89119','VAC7927.xml','2014-09-02 15:48:39','2014-09-02 15:48:39'),('http://localhost:8080/sead-wf/entity/89120','mdpi_40000000000012.md5','2014-09-02 15:48:39','2014-09-02 15:48:39'),('http://localhost:8080/sead-wf/entity/89118','mdpi_40000000000012.xml','2014-09-02 15:48:39','2014-09-02 15:48:39'),('http://localhost:8080/sead-wf/entity/89126','IU-a31d1e52-2551-41e0-9849-08544116f9c2','2014-09-02 16:16:19','2014-09-02 16:16:19'),('http://localhost:8080/sead-wf/entity/89131','mdpi_40000000000012.xml','2014-09-02 16:16:19','2014-09-02 16:16:19'),('http://localhost:8080/sead-wf/entity/89132','VAC7927.xml','2014-09-02 16:16:19','2014-09-02 16:16:19'),('http://localhost:8080/sead-wf/entity/89133','mdpi_40000000000012.md5','2014-09-02 16:16:19','2014-09-02 16:16:19'),('http://localhost:8080/sead-wf/entity/89130','mdpi_40000000000012_01_pres.mov','2014-09-02 16:16:19','2014-09-02 16:16:19'),('http://localhost:8080/sead-wf/entity/89139','IU-803d78c1-25f3-4025-bc57-48a113592141','2014-09-02 22:25:20','2014-09-02 22:25:20'),('http://localhost:8080/sead-wf/entity/89146','mdpi_40000000000012.md5','2014-09-02 22:25:20','2014-09-02 22:25:20'),('http://localhost:8080/sead-wf/entity/89145','VAC7927.xml','2014-09-02 22:25:20','2014-09-02 22:25:20'),('http://localhost:8080/sead-wf/entity/89143','mdpi_40000000000012_01_pres.mov','2014-09-02 22:25:20','2014-09-02 22:25:20'),('http://localhost:8080/sead-wf/entity/89144','mdpi_40000000000012.xml','2014-09-02 22:25:20','2014-09-02 22:25:20'),('http://localhost:8080/sead-wf/entity/1002','IU-5fe27735-137a-4b6e-a963-0931b0c55081','2014-09-23 14:58:03','2014-09-23 14:58:02'),('http://localhost:8080/sead-wf/entity/1011','IU-ef2c77e8-4f69-4a14-8f60-ebeb8864c74f','2014-09-23 14:58:03','2014-09-23 14:58:02'),('http://localhost:8080/sead-wf/entity/1006','sample.xls','2014-09-23 14:58:03','2014-09-23 14:58:03'),('http://localhost:8080/sead-wf/entity/1016','sample.pdf','2014-09-23 14:58:03','2014-09-23 14:58:03'),('http://localhost:8080/sead-wf/entity/1015','sample.xls','2014-09-23 14:58:03','2014-09-23 14:58:03'),('http://localhost:8080/sead-wf/entity/1007','sample.pdf','2014-09-23 14:58:03','2014-09-23 14:58:03'),('http://localhost:8080/sead-wf/entity/1020','IU-c5b53b2a-16b3-464b-a39f-c5acf30a72c1','2014-09-23 18:15:44','2014-09-23 18:15:44'),('http://localhost:8080/sead-wf/entity/1024','mdpi_40000000000012_01_access_3gb.mpg','2014-09-23 18:15:44','2014-09-23 18:15:44'),('http://localhost:8080/sead-wf/entity/1027','IU-2505e0ce-93b5-4036-a9db-ca6a8643a016','2014-09-23 18:40:21','2014-09-23 18:40:21'),('http://localhost:8080/sead-wf/entity/1031','mdpi_40000000000012_01_access_3gb.mpg','2014-09-23 18:40:22','2014-09-23 18:40:22'),('http://localhost:8080/sead-wf/entity/1034','IU-3cbd8cfd-317a-4d6f-9d6a-2bf0028b5881','2014-09-23 19:05:14','2014-09-23 19:05:14'),('http://localhost:8080/sead-wf/entity/1038','mdpi_40000000000012_01_access_3gb.mpg','2014-09-23 19:05:14','2014-09-23 19:05:14'),('http://localhost:8080/sead-wf/entity/1041','IU-b64e29d7-0050-4dd2-a5e3-c682b80af635','2014-09-23 19:28:18','2014-09-23 19:28:18'),('http://localhost:8080/sead-wf/entity/1045','mdpi_40000000000012_01_access_3gb.mpg','2014-09-23 19:28:18','2014-09-23 19:28:18'),('http://localhost:8080/sead-wf/entity/1048','IU-86bbd4e8-c4fe-41da-8e2c-1dbe7d16b502','2014-09-24 13:56:16','2014-09-24 13:56:16'),('http://localhost:8080/sead-wf/entity/1052','mdpi_40000000000012_01_access_3gb.mpg','2014-09-24 13:56:16','2014-09-24 13:56:16'),('http://localhost:8080/sead-wf/entity/1064','IU-b93819ea-e06b-426f-99f2-2bf5c988d0a7','2014-09-24 15:39:25','2014-09-24 15:39:25'),('http://localhost:8080/sead-wf/entity/1069','mdpi_40000000000012.xml','2014-09-24 15:39:25','2014-09-24 15:39:25'),('http://localhost:8080/sead-wf/entity/1068','mdpi_40000000000012_01_pres.mov','2014-09-24 15:39:25','2014-09-24 15:39:25'),('http://localhost:8080/sead-wf/entity/1070','VAC7927.xml','2014-09-24 15:39:25','2014-09-24 15:39:25'),('http://localhost:8080/sead-wf/entity/1071','mdpi_40000000000012.md5','2014-09-24 15:39:25','2014-09-24 15:39:25'),('http://localhost:8080/sead-wf/entity/1077','IU-a23da26d-d07f-476e-b3d6-b2cc6ee318a6','2014-09-24 18:11:03','2014-09-24 18:11:03'),('http://localhost:8080/sead-wf/entity/1083','VAC7927.xml','2014-09-24 18:11:03','2014-09-24 18:11:03'),('http://localhost:8080/sead-wf/entity/1082','mdpi_40000000000012.xml','2014-09-24 18:11:03','2014-09-24 18:11:03'),('http://localhost:8080/sead-wf/entity/1084','mdpi_40000000000012.md5','2014-09-24 18:11:03','2014-09-24 18:11:03'),('http://localhost:8080/sead-wf/entity/1081','mdpi_40000000000012_01_pres.mov','2014-09-24 18:11:03','2014-09-24 18:11:03'),('http://localhost:8080/sead-wf/entity/1090','IU-ed978efa-d84c-4c43-9056-f683d0669641','2014-09-24 18:52:48','2014-09-24 18:52:48'),('http://localhost:8080/sead-wf/entity/1096','VAC7927.xml','2014-09-24 18:52:48','2014-09-24 18:52:48'),('http://localhost:8080/sead-wf/entity/1095','mdpi_40000000000012.xml','2014-09-24 18:52:48','2014-09-24 18:52:48'),('http://localhost:8080/sead-wf/entity/1097','mdpi_40000000000012.md5','2014-09-24 18:52:48','2014-09-24 18:52:48'),('http://localhost:8080/sead-wf/entity/1094','mdpi_40000000000012_01_pres.mov','2014-09-24 18:52:48','2014-09-24 18:52:48');
/*!40000 ALTER TABLE `base_entity` ENABLE KEYS */;
UNLOCK TABLES;

--
-- Table structure for table `collection`
--

DROP TABLE IF EXISTS `collection`;
/*!40101 SET @saved_cs_client     = @@character_set_client */;
/*!40101 SET character_set_client = utf8 */;
CREATE TABLE `collection` (
  `entity_id` varchar(127) NOT NULL,
  `state_id` varchar(127) NOT NULL,
  `version_num` varchar(127) NOT NULL,
  `name` varchar(127) NOT NULL,
  `is_obsolete` int(1) DEFAULT NULL,
  PRIMARY KEY (`entity_id`),
  KEY `state_id` (`state_id`)
) ENGINE=MyISAM DEFAULT CHARSET=latin1;
/*!40101 SET character_set_client = @saved_cs_client */;

--
-- Dumping data for table `collection`
--

LOCK TABLES `collection` WRITE;
/*!40000 ALTER TABLE `collection` DISABLE KEYS */;
INSERT INTO `collection` VALUES ('http://localhost:8080/sead-wf/entity/20205','state:1','1','Test deliverable unit',0),('http://localhost:8080/sead-wf/entity/21227','state:1','1','IU-cd3d9d62-5193-4351-b6d0-37d6f64fca40',0),('8e8c2f51-6abd-4ad9-85a7-9ff21738ef8e','state:1','1','IU-1ef5816b-cefd-4222-8e6e-37fd873e24cd',0),('ebd5e592-ef89-4c09-80de-ee3a62db1ddc','state:1','1','IU-4a9e495a-2116-4016-b54c-563ef0440066',0),('f440fc18-6cd1-4617-8c11-a5c85e149397','state:1','1','IU-d50fb488-7631-4492-9bec-19cc5da46e5d',0),('9ec8f8fb-6af7-4257-a73c-2df8380fb586','state:1','1','IU-f6fac0ad-a2cf-4116-9556-2a825ca3a19f',0),('8dc311e1-6f9d-4a0e-aef7-5371589f02e2','state:1','1','IU-3b7734d5-bc75-4feb-a69b-dd149580e79f',0),('099c6f88-a486-4987-a988-2d34735a7aa3','state:1','1','IU-4aa011cf-e435-49b9-95ed-06e28cd05a6e',0),('b905af91-0d5d-4fb7-be21-02333fe22d4d','state:1','1','IU-2e868ace-2431-4e47-9f79-59163373e442',0),('0dca3d93-d24a-4a98-a4cb-4a02fa6e0062','state:1','1','IU-a36aadd4-782b-4376-a3ef-8b78ff06a89d',0),('65b4d702-1192-41ec-a9d3-a9e3c3c1b116','state:1','1','IU-2ab21416-67ca-4eab-b028-860ec530b6d8',0),('3830ed6c-98fc-425b-a33c-2559ce86796c','state:1','1','IU-ba782ab5-3a83-4bfe-92e4-d2b1371f3f9a',0),('c06b3d30-dddf-46b8-b7d5-e86f2b3f1d7e','state:1','1','IU-91030ba0-0879-43a5-b840-d258b2564c78',0),('6f551f32-4d79-43ed-a6e5-9624c2423c55','state:1','1','IU-15c9382b-ba4c-4dcf-8ea4-cb2315a30e0b',0),('aa1b2436-d076-4ee8-8505-6c90685c5bc6','state:1','1','IU-0fad328d-8a2e-4142-9b5d-5355ebc88068',0),('0142a662-34f9-493a-a2ff-c069c87007ba','state:1','1','IU-deb37d5b-f703-4910-a96c-4a51bc528183',0),('0adcfa0c-8dbd-44bb-b774-022645e49f74','state:1','1','IU-2002ec09-abf2-4ee4-9574-a42b2e3489dd',0),('a70636a7-777c-43a8-8a34-af7f24f9db97','state:1','1','IU-19747aae-ed72-4437-98e2-122650d21385',0),('f725a78b-f3ee-40ff-bf85-f17dfe0f98c2','state:1','1','IU-2ac76862-662d-42db-8208-c98b6529ef16',0),('a326fa4a-ff67-4eaa-990d-35d00b9dfed9','state:1','1','IU-64c10e72-39bc-49e3-9fff-97a309b0498f',0),('57505193-689f-4e3d-a930-533d2c9eeb82','state:1','1','IU-ff87c17b-55aa-470b-a504-ef6fc2a36dab',0),('http://localhost:8080/sead-wf/entity/56461','state:1','1','IU-dd91a0d4-9f7b-42f4-8469-07af7ab321c5',0),('http://localhost:8080/sead-wf/entity/57470','state:1','1','IU-77624b63-f89b-4812-92c0-7c692ce3d951',0),('http://localhost:8080/sead-wf/entity/58479','state:1','1','IU-1dfe5c82-7325-425c-8ca1-7ddfa622e604',0),('cd5f930b-5f0d-47f2-bf9d-74eca78ea2d4','state:1','1','test',0),('http://localhost:8080/sead-wf/entity/59488','state:1','1','IU-d8aa293f-01c3-4743-b000-42661de6821e',0),('http://localhost:8080/sead-wf/entity/60497','state:1','1','IU-d26614e3-34b7-48d8-9790-6a9f43125aaa',0),('http://localhost:8080/sead-wf/entity/61506','state:1','1','IU-5597ebf9-0fe7-4a24-9359-36690f968f53',0),('http://localhost:8080/sead-wf/entity/62515','state:1','1','IU-f7990178-c7c7-447d-a258-4a95ce70c372',0),('http://localhost:8080/sead-wf/entity/63524','state:1','1','IU-4c8b6105-2d0a-499e-9cc4-f79aafb68c08',0),('http://localhost:8080/sead-wf/entity/64533','state:1','1','IU-e2439972-d3b4-458c-8288-d8aa5ab99cca',0),('http://localhost:8080/sead-wf/entity/65542','state:1','1','IU-00ed287f-a014-49d5-8c02-287978bfd9aa',0),('http://localhost:8080/sead-wf/entity/66551','state:1','1','IU-9a6885d9-cc0a-471d-b629-b19dc0c3ae16',0),('http://localhost:8080/sead-wf/entity/67560','state:1','1','IU-1483f7dd-e80c-425e-b769-bce6992ea904',0),('http://localhost:8080/sead-wf/entity/68569','state:1','1','IU-58944259-fba6-456a-9501-3c496084986e',0),('http://localhost:8080/sead-wf/entity/68578','state:1','1','IU-c710faf7-3f5d-44d2-9972-42e3cd3e5bf5',0),('http://localhost:8080/sead-wf/entity/68587','state:1','1','IU-13050894-1df3-4054-b772-5388c91b34ea',0),('http://localhost:8080/sead-wf/entity/69625','state:1','1','IU-d5c23cf0-a4f4-47a9-b15b-e4692fed73f4',0),('http://localhost:8080/sead-wf/entity/69634','state:1','1','IU-04df83a3-939e-48d6-bb51-27332ff0571c',0),('http://localhost:8080/sead-wf/entity/69643','state:1','1','IU-2a266957-86fd-4322-8833-76d1d0b88721',0),('http://localhost:8080/sead-wf/entity/72670','state:1','1','IU-b526b7ca-8ef4-4ed7-9a60-ff9a32ab152a',0),('http://localhost:8080/sead-wf/entity/72679','state:1','1','IU-4c892629-1033-4d23-b989-b5d1fe8637c8',0),('http://localhost:8080/sead-wf/entity/73688','state:1','1','IU-c9558887-d5ca-45d4-9c88-244218746ded',0),('http://localhost:8080/sead-wf/entity/73697','state:1','1','IU-d1268259-47fe-473e-bf14-15ab9997b365',0),('http://localhost:8080/sead-wf/entity/73706','state:1','1','IU-842b5c91-10a4-42a6-94cc-138e40627d68',0),('http://localhost:8080/sead-wf/entity/74715','state:1','1','IU-b0db0b4a-e5f8-49de-9280-19ee6350bd1f',0),('http://localhost:8080/sead-wf/entity/74724','state:1','1','IU-b6d7ffbe-9203-40d6-b4c7-883ec52f46fe',0),('http://localhost:8080/sead-wf/entity/74733','state:1','1','IU-535a5455-6e22-43b7-a8a5-207af88dcb76',0),('http://localhost:8080/sead-wf/entity/75742','state:1','1','IU-4afc331b-a2e6-4aaf-add5-62c2812038e8',0),('http://localhost:8080/sead-wf/entity/75751','state:1','1','IU-eabfef07-ae5a-4e8e-b461-7d895cbc276c',0),('http://localhost:8080/sead-wf/entity/75760','state:1','1','IU-6f574a57-64ac-4fcd-bc3d-0df72d7b6be2',0),('b4a8a230-9fd9-4c50-bba5-6b4397dacb4a','state:1','1','test',0),('80f12f8d-8123-4cc3-b659-4abb9b48423a','state:1','1','test',0),('93286117-873b-4a4c-bde4-83651f2e0af7','state:1','1','test',0),('145428db-4ea4-4bfe-9e2d-cb7aa8f94e36','state:1','1','test',0),('880e3ff1-d802-4ee1-9143-cfc076ba854e','state:1','1','test',0),('http://localhost:8080/sead-wf/entity/76769','state:1','1','IU-bfc40e2e-3346-49e1-ae9a-1fbf87df49d3',0),('http://localhost:8080/sead-wf/entity/77778','state:1','1','IU-acab2a8d-9690-4724-8388-ebd6de373932',0),('http://localhost:8080/sead-wf/entity/77787','state:1','1','IU-2244bac3-64fb-495c-9f75-eeedd6402c1c',0),('http://localhost:8080/sead-wf/entity/78796','state:1','1','IU-481c9b01-dac7-4791-8210-ef74574943fc',0),('http://localhost:8080/sead-wf/entity/79805','state:1','1','IU-ae0a9d27-bfb9-489c-b9e7-4a97102a992b',0),('http://localhost:8080/sead-wf/entity/80814','state:1','1','IU-95d1596a-99b7-48b8-ab5b-2b3aa4b311f7',0),('http://localhost:8080/sead-wf/entity/81823','state:1','1','IU-cf0160a7-a5ff-4536-8cbe-1ad1fe88f42a',0),('http://localhost:8080/sead-wf/entity/82832','state:1','1','IU-a0be7efc-7b09-471a-a220-c51ec09debd6',0),('http://localhost:8080/sead-wf/entity/82841','state:1','1','IU-7f0651cf-ad3e-45d0-a343-aa7ac2c4ad5a',0),('http://localhost:8080/sead-wf/entity/83850','state:1','1','IU-8bb16f23-ac48-4cb5-98d4-88ca418d4e28',0),('http://localhost:8080/sead-wf/entity/84859','state:1','1','IU-60ee9b30-c2b5-4a6c-9c7b-f7737dffa775',0),('http://localhost:8080/sead-wf/entity/85868','state:1','1','IU-6fe6df2a-3a74-4999-8c1b-1b81eae7e5d2',0),('http://localhost:8080/sead-wf/entity/86877','state:1','1','IU-089c6c68-72a1-4f18-aec7-ad2634a41e59',0),('http://localhost:8080/sead-wf/entity/87886','state:1','1','IU-7ce213fd-46cc-4d31-9490-7e11426b5383',0),('http://localhost:8080/sead-wf/entity/88910','state:1','1','IU-eb304dbd-299a-4e96-9989-91fcdd196384',0),('http://localhost:8080/sead-wf/entity/88919','state:1','1','IU-ca447230-f819-4204-94b6-a8f1877dbd6c',0),('http://localhost:8080/sead-wf/entity/88928','state:1','1','IU-2f08ede2-bb95-4cb0-8e20-e1b8ddfed990',0),('http://localhost:8080/sead-wf/entity/88937','state:1','1','IU-203acffd-2f15-4c1d-b0cf-ae69709a77f1',0),('http://localhost:8080/sead-wf/entity/88946','state:1','1','IU-c8e0cc33-e819-4ed2-8fe5-6d3ce682eaa6',0),('http://localhost:8080/sead-wf/entity/88955','state:1','1','IU-cd510594-3b65-4eb3-9753-d655e9aee003',0),('http://localhost:8080/sead-wf/entity/88964','state:1','1','IU-2c54a4d6-6f11-4558-85df-38d84ef74f1d',0),('http://localhost:8080/sead-wf/entity/88973','state:1','1','IU-590f723e-c13f-4fa6-ae2b-a50dee2f5106',0),('http://localhost:8080/sead-wf/entity/88986','state:1','1','IU-d4362207-8d13-46a6-964c-92373c061470',0),('http://localhost:8080/sead-wf/entity/88995','state:1','1','IU-4597903e-f5dc-4b73-8ee2-59ae07e82a2d',0),('http://localhost:8080/sead-wf/entity/89004','state:1','1','IU-de09b7c0-985a-4fd1-ba46-8130b021d92e',0),('http://localhost:8080/sead-wf/entity/89013','state:1','1','IU-5cf1a767-03a2-4f34-b900-0b883a2dfc98',0),('http://localhost:8080/sead-wf/entity/89026','state:1','1','IU-a68eb053-cbd6-423c-950c-4b75af7fc679',0),('http://localhost:8080/sead-wf/entity/89039','state:1','1','IU-92038f2d-4b13-472a-a05b-f29022121273',0),('http://localhost:8080/sead-wf/entity/89052','state:1','1','IU-4040ef34-536f-4e38-8534-f6ca5cd4f5e6',0),('http://localhost:8080/sead-wf/entity/89061','state:1','1','IU-5359df51-3d55-447a-84dc-dbb9349a2866',0),('http://localhost:8080/sead-wf/entity/89074','state:1','1','IU-2ea49f43-5073-412c-a10f-9d036c6d8b72',0),('http://localhost:8080/sead-wf/entity/89087','state:1','1','IU-cd94a185-1a9d-4f1b-adeb-a73e07188189',0),('http://localhost:8080/sead-wf/entity/89100','state:1','1','IU-153a27a3-1f9c-4703-8f8c-3b55a15beec1',0),('http://localhost:8080/sead-wf/entity/89113','state:1','1','IU-f02df653-925a-42af-8857-7595f122c733',0),('http://localhost:8080/sead-wf/entity/89126','state:1','1','IU-a31d1e52-2551-41e0-9849-08544116f9c2',0),('http://localhost:8080/sead-wf/entity/89139','state:1','1','IU-803d78c1-25f3-4025-bc57-48a113592141',0),('http://localhost:8080/sead-wf/entity/1002','state:1','1','IU-5fe27735-137a-4b6e-a963-0931b0c55081',0),('http://localhost:8080/sead-wf/entity/1011','state:1','1','IU-ef2c77e8-4f69-4a14-8f60-ebeb8864c74f',0),('http://localhost:8080/sead-wf/entity/1020','state:1','1','IU-c5b53b2a-16b3-464b-a39f-c5acf30a72c1',0),('http://localhost:8080/sead-wf/entity/1027','state:1','1','IU-2505e0ce-93b5-4036-a9db-ca6a8643a016',0),('http://localhost:8080/sead-wf/entity/1034','state:1','1','IU-3cbd8cfd-317a-4d6f-9d6a-2bf0028b5881',0),('http://localhost:8080/sead-wf/entity/1041','state:1','1','IU-b64e29d7-0050-4dd2-a5e3-c682b80af635',0),('http://localhost:8080/sead-wf/entity/1048','state:1','1','IU-86bbd4e8-c4fe-41da-8e2c-1dbe7d16b502',0),('http://localhost:8080/sead-wf/entity/1064','state:1','1','IU-b93819ea-e06b-426f-99f2-2bf5c988d0a7',0),('http://localhost:8080/sead-wf/entity/1077','state:1','1','IU-a23da26d-d07f-476e-b3d6-b2cc6ee318a6',0),('http://localhost:8080/sead-wf/entity/1090','state:1','1','IU-ed978efa-d84c-4c43-9056-f683d0669641',0);
/*!40000 ALTER TABLE `collection` ENABLE KEYS */;
UNLOCK TABLES;

--
-- Table structure for table `data_identifier`
--

DROP TABLE IF EXISTS `data_identifier`;
/*!40101 SET @saved_cs_client     = @@character_set_client */;
/*!40101 SET character_set_client = utf8 */;
CREATE TABLE `data_identifier` (
  `entity_id` varchar(127) NOT NULL,
  `data_identifier_type_id` varchar(127) NOT NULL,
  `data_identifier_value` varchar(256) NOT NULL,
  PRIMARY KEY (`entity_id`,`data_identifier_type_id`),
  KEY `data_identifier_type_id` (`data_identifier_type_id`)
) ENGINE=MyISAM DEFAULT CHARSET=latin1;
/*!40101 SET character_set_client = @saved_cs_client */;

--
-- Dumping data for table `data_identifier`
--

LOCK TABLES `data_identifier` WRITE;
/*!40000 ALTER TABLE `data_identifier` DISABLE KEYS */;
INSERT INTO `data_identifier` VALUES ('http://localhost:8080/sead-wf/entity/21227','id:4','IU-cd3d9d62-5193-4351-b6d0-37d6f64fca40'),('7a12226c-3254-46be-9767-fea7c6005028','id:4','IU-c63f90fc-5f0d-418a-819b-229b36493a8a'),('563d12f5-96ee-4a36-ab6b-80ea0451801c','id:4','IU-b6a5b4fd-db84-49f1-87ab-706a94b38268'),('8e8c2f51-6abd-4ad9-85a7-9ff21738ef8e','id:4','IU-1ef5816b-cefd-4222-8e6e-37fd873e24cd'),('8e8c2f51-6abd-4ad9-85a7-9ff21738ef8e','id:7','f4f374f13416be802ab7909da7cce6996e09ec94'),('8e8c2f51-6abd-4ad9-85a7-9ff21738ef8e','id:6','190ecd9d97c8d07b9af28f08780fb1b2'),('ebd5e592-ef89-4c09-80de-ee3a62db1ddc','id:4','IU-4a9e495a-2116-4016-b54c-563ef0440066'),('ebd5e592-ef89-4c09-80de-ee3a62db1ddc','id:6','9949c7174bbc0d75c636b9c360b975e7'),('ebd5e592-ef89-4c09-80de-ee3a62db1ddc','id:7','a9d6b3b6011502c68d93769f58ad61eebc05ba8a'),('f440fc18-6cd1-4617-8c11-a5c85e149397','id:4','IU-d50fb488-7631-4492-9bec-19cc5da46e5d'),('f440fc18-6cd1-4617-8c11-a5c85e149397','id:6','b41a8358c990a0047ccaad629c5d7b95'),('f440fc18-6cd1-4617-8c11-a5c85e149397','id:7','9b683c0ef5e8946e66509f9924377736cbcff871'),('9ec8f8fb-6af7-4257-a73c-2df8380fb586','id:6','ca5f8831927372cdf3727539875795c3'),('9ec8f8fb-6af7-4257-a73c-2df8380fb586','id:7','5e51a8581f369fb8bc4d4196f20aa016d72446f5'),('9ec8f8fb-6af7-4257-a73c-2df8380fb586','id:4','IU-f6fac0ad-a2cf-4116-9556-2a825ca3a19f'),('8dc311e1-6f9d-4a0e-aef7-5371589f02e2','id:4','IU-3b7734d5-bc75-4feb-a69b-dd149580e79f'),('8dc311e1-6f9d-4a0e-aef7-5371589f02e2','id:6','51aba8f921c0b1035b208ab869bdafc3'),('8dc311e1-6f9d-4a0e-aef7-5371589f02e2','id:7','4b7f58c50012da1796e6448fb99285c1d50767dc'),('099c6f88-a486-4987-a988-2d34735a7aa3','id:7','60f53150968545860df8d5a65509bedde11a5b71'),('099c6f88-a486-4987-a988-2d34735a7aa3','id:6','9945186261c96cf89fd3bb5cef027dde'),('099c6f88-a486-4987-a988-2d34735a7aa3','id:4','IU-4aa011cf-e435-49b9-95ed-06e28cd05a6e'),('b905af91-0d5d-4fb7-be21-02333fe22d4d','id:4','IU-2e868ace-2431-4e47-9f79-59163373e442'),('b905af91-0d5d-4fb7-be21-02333fe22d4d','id:6','d8e9d59723c24dd41f722efe0866cf46'),('b905af91-0d5d-4fb7-be21-02333fe22d4d','id:7','5d018cbcadef64f3e0f02aed3a44c819a1a8c6a0'),('0dca3d93-d24a-4a98-a4cb-4a02fa6e0062','id:7','6556a3fbdcc0b9d45b52f775db1c1c27594b9101'),('0dca3d93-d24a-4a98-a4cb-4a02fa6e0062','id:4','IU-a36aadd4-782b-4376-a3ef-8b78ff06a89d'),('0dca3d93-d24a-4a98-a4cb-4a02fa6e0062','id:6','65a2b246d48578f9a02e052b4c1757ba'),('65b4d702-1192-41ec-a9d3-a9e3c3c1b116','id:4','IU-2ab21416-67ca-4eab-b028-860ec530b6d8'),('65b4d702-1192-41ec-a9d3-a9e3c3c1b116','id:7','b0791a87ee4d2275d2d899d77018be7e84557b4b'),('65b4d702-1192-41ec-a9d3-a9e3c3c1b116','id:6','e0765071c106530e20bf5b8b38617d6d'),('3830ed6c-98fc-425b-a33c-2559ce86796c','id:7','8c585d3fbf1049d223fb23f69486a74d741387e3'),('3830ed6c-98fc-425b-a33c-2559ce86796c','id:6','fc27d7c8ba21a8ef57e82077fba24350'),('3830ed6c-98fc-425b-a33c-2559ce86796c','id:4','IU-ba782ab5-3a83-4bfe-92e4-d2b1371f3f9a'),('c06b3d30-dddf-46b8-b7d5-e86f2b3f1d7e','id:7','d8d621b7ab4e3d8df6710a0924d6a86788fcea82'),('c06b3d30-dddf-46b8-b7d5-e86f2b3f1d7e','id:4','IU-91030ba0-0879-43a5-b840-d258b2564c78'),('c06b3d30-dddf-46b8-b7d5-e86f2b3f1d7e','id:6','d87e073ccad6df0ee960c2c3f9615d2c'),('6f551f32-4d79-43ed-a6e5-9624c2423c55','id:7','567f7ae6a64919e272d4c0667f1981d7c2815bb3'),('6f551f32-4d79-43ed-a6e5-9624c2423c55','id:4','IU-15c9382b-ba4c-4dcf-8ea4-cb2315a30e0b'),('6f551f32-4d79-43ed-a6e5-9624c2423c55','id:6','0fdb016057ff5ae6d23e55b656d12f7f'),('aa1b2436-d076-4ee8-8505-6c90685c5bc6','id:6','b8aa91226d353f9cead86a944bf12d73'),('aa1b2436-d076-4ee8-8505-6c90685c5bc6','id:4','IU-0fad328d-8a2e-4142-9b5d-5355ebc88068'),('aa1b2436-d076-4ee8-8505-6c90685c5bc6','id:7','ed75b6a5dccc5dbf4363346fb4a0038ab7f5c9d0'),('0142a662-34f9-493a-a2ff-c069c87007ba','id:4','IU-deb37d5b-f703-4910-a96c-4a51bc528183'),('0142a662-34f9-493a-a2ff-c069c87007ba','id:7','699f92cb84fe1af4864b35254f46b6d244785c0d'),('0142a662-34f9-493a-a2ff-c069c87007ba','id:6','bc5a747dbf58031eaac3f62e974333da'),('0adcfa0c-8dbd-44bb-b774-022645e49f74','id:4','IU-2002ec09-abf2-4ee4-9574-a42b2e3489dd'),('0adcfa0c-8dbd-44bb-b774-022645e49f74','id:7','20d4d3b493a02adf182db59c314f9b1c51e405fc'),('0adcfa0c-8dbd-44bb-b774-022645e49f74','id:6','282e875e9ed7326b389ef42a892f8728'),('a70636a7-777c-43a8-8a34-af7f24f9db97','id:6','9805d2d4b156bd96dd4f95509d851e7e'),('a70636a7-777c-43a8-8a34-af7f24f9db97','id:7','d897ae1397654593dc071b2559ed61b0caa7bf05'),('a70636a7-777c-43a8-8a34-af7f24f9db97','id:4','IU-19747aae-ed72-4437-98e2-122650d21385'),('f725a78b-f3ee-40ff-bf85-f17dfe0f98c2','id:4','IU-2ac76862-662d-42db-8208-c98b6529ef16'),('f725a78b-f3ee-40ff-bf85-f17dfe0f98c2','id:7','72ee8144c98b372e489af48e796b88296e986c16'),('f725a78b-f3ee-40ff-bf85-f17dfe0f98c2','id:6','771f8fe539bd6b052786ef2eae14dd8f'),('a326fa4a-ff67-4eaa-990d-35d00b9dfed9','id:6','cefea741c3dab6ed369fc396d72fcb99'),('a326fa4a-ff67-4eaa-990d-35d00b9dfed9','id:4','IU-64c10e72-39bc-49e3-9fff-97a309b0498f'),('a326fa4a-ff67-4eaa-990d-35d00b9dfed9','id:7','b26083f48c4451214cabd37a520fcfee295189fd'),('57505193-689f-4e3d-a930-533d2c9eeb82','id:7','64418ac0eab4233d33d7a5258bc10e8fdbdf46bc'),('57505193-689f-4e3d-a930-533d2c9eeb82','id:6','19865e9dcbd7caaef32e90dc0bb0cd9e'),('57505193-689f-4e3d-a930-533d2c9eeb82','id:4','IU-ff87c17b-55aa-470b-a504-ef6fc2a36dab'),('http://localhost:8080/sead-wf/entity/56461','id:4','IU-dd91a0d4-9f7b-42f4-8469-07af7ab321c5'),('http://localhost:8080/sead-wf/entity/56461','id:6','061bec6daded08ea62c07fa9f2576e93'),('http://localhost:8080/sead-wf/entity/56461','id:7','dd9b27befb3885a414e042e6c8b9a1107f65e4e0'),('http://localhost:8080/sead-wf/entity/57470','id:7','2bdc240a1d2d5ba0ed984a4d45fffd8a7f8305af'),('http://localhost:8080/sead-wf/entity/57470','id:4','IU-77624b63-f89b-4812-92c0-7c692ce3d951'),('http://localhost:8080/sead-wf/entity/57470','id:6','6c6021a2fd5ee771e8165b9b60638b1b'),('http://localhost:8080/sead-wf/entity/58479','id:4','IU-1dfe5c82-7325-425c-8ca1-7ddfa622e604'),('http://localhost:8080/sead-wf/entity/58479','id:6','f4b0255bd909e3f273ecabd7e760fc52'),('http://localhost:8080/sead-wf/entity/58479','id:7','f0ca7c0b8119ca56679f705f10f26bba5050f321'),('http://localhost:8080/sead-wf/entity/59488','id:7','2d2fa0ce47cb40e0917867a1a44f522433cd44b9'),('http://localhost:8080/sead-wf/entity/59488','id:6','bb87a4a3e322199b3e7d654b6868448b'),('http://localhost:8080/sead-wf/entity/59488','id:4','IU-d8aa293f-01c3-4743-b000-42661de6821e'),('http://localhost:8080/sead-wf/entity/60497','id:6','ed31ed2d1b64ec2f7e029b86920d87b3'),('http://localhost:8080/sead-wf/entity/60497','id:7','ef397544639c5cee7c984d5293a8b50314fc997a'),('http://localhost:8080/sead-wf/entity/60497','id:4','IU-d26614e3-34b7-48d8-9790-6a9f43125aaa'),('http://localhost:8080/sead-wf/entity/61506','id:6','15356bacb1b74aee3c789a9eb8d22051'),('http://localhost:8080/sead-wf/entity/61506','id:4','IU-5597ebf9-0fe7-4a24-9359-36690f968f53'),('http://localhost:8080/sead-wf/entity/61506','id:7','7e7edc5754d05b09661ce970360702743ff23559'),('http://localhost:8080/sead-wf/entity/62515','id:7','e8d14b4c8a88c33a5b6496b2c6fee9e359e65a80'),('http://localhost:8080/sead-wf/entity/62515','id:4','IU-f7990178-c7c7-447d-a258-4a95ce70c372'),('http://localhost:8080/sead-wf/entity/62515','id:6','86277a7e26ac968e3a72b6be1df68933'),('http://localhost:8080/sead-wf/entity/63524','id:7','d8e1c8ba1bbd354cf25d93ffc83953203266c813'),('http://localhost:8080/sead-wf/entity/63524','id:4','IU-4c8b6105-2d0a-499e-9cc4-f79aafb68c08'),('http://localhost:8080/sead-wf/entity/63524','id:6','5bbc48252dc35ce0781ee4c733984a80'),('http://localhost:8080/sead-wf/entity/64533','id:4','IU-e2439972-d3b4-458c-8288-d8aa5ab99cca'),('http://localhost:8080/sead-wf/entity/64533','id:7','3c14b93dab559682296fb2133cf9bb5a7f42be02'),('http://localhost:8080/sead-wf/entity/64533','id:6','236359d7f9eb20fb49a33af3fccc8deb'),('http://localhost:8080/sead-wf/entity/65542','id:4','IU-00ed287f-a014-49d5-8c02-287978bfd9aa'),('http://localhost:8080/sead-wf/entity/65542','id:7','3f49839fa87da37e37fae35377a21c802a918c03'),('http://localhost:8080/sead-wf/entity/65542','id:6','285149bd6fe58c992a4a090d7a7573cf'),('http://localhost:8080/sead-wf/entity/66551','id:4','IU-9a6885d9-cc0a-471d-b629-b19dc0c3ae16'),('http://localhost:8080/sead-wf/entity/66551','id:6','eecdf5ef06ace27a743882210717d03d'),('http://localhost:8080/sead-wf/entity/66551','id:7','85d74587473f606ecd2c529a129b28907eae11f7'),('http://localhost:8080/sead-wf/entity/67560','id:6','30420e8e4a26bb99012b408b5414a69c'),('http://localhost:8080/sead-wf/entity/67560','id:7','731e0faa506aed647443cd82d02de23549579139'),('http://localhost:8080/sead-wf/entity/67560','id:4','IU-1483f7dd-e80c-425e-b769-bce6992ea904'),('http://localhost:8080/sead-wf/entity/68569','id:6','88ae1b030d3b6b28d22b67c8dee31eb0'),('http://localhost:8080/sead-wf/entity/68569','id:4','IU-58944259-fba6-456a-9501-3c496084986e'),('http://localhost:8080/sead-wf/entity/68569','id:7','f5f264d79ad56243f8308533ee4bd753e6465721'),('http://localhost:8080/sead-wf/entity/68578','id:6','475c9dbb2f889ce4b20d4e4766551461'),('http://localhost:8080/sead-wf/entity/68578','id:7','3eb6d87bdacfe44ca1b20ece9be4863e60358f78'),('http://localhost:8080/sead-wf/entity/68578','id:4','IU-c710faf7-3f5d-44d2-9972-42e3cd3e5bf5'),('http://localhost:8080/sead-wf/entity/68587','id:7','a4b85708b15c8ec9ca4de0df7d09b11cd0a7af7b'),('http://localhost:8080/sead-wf/entity/68587','id:6','e8f12984abd2574861daaf1eefb7ddb9'),('http://localhost:8080/sead-wf/entity/68587','id:4','IU-13050894-1df3-4054-b772-5388c91b34ea'),('http://localhost:8080/sead-wf/entity/69625','id:6','3392c9e4d3648bcf3332551c1fcd471e'),('http://localhost:8080/sead-wf/entity/69625','id:4','IU-d5c23cf0-a4f4-47a9-b15b-e4692fed73f4'),('http://localhost:8080/sead-wf/entity/69625','id:7','64fb50639eca8d06239862bd8c3b3a66c8ea36a4'),('http://localhost:8080/sead-wf/entity/69634','id:4','IU-04df83a3-939e-48d6-bb51-27332ff0571c'),('http://localhost:8080/sead-wf/entity/69634','id:6','87f6526d93957db51b4621db8df941b5'),('http://localhost:8080/sead-wf/entity/69634','id:7','7438fe9e06d3b6c9a640342bc6a081d4f5ddee52'),('http://localhost:8080/sead-wf/entity/69643','id:4','IU-2a266957-86fd-4322-8833-76d1d0b88721'),('http://localhost:8080/sead-wf/entity/69643','id:6','d5ac26ca5d258569741228a6ae187d21'),('http://localhost:8080/sead-wf/entity/69643','id:7','34a1769343e275aced7ae90a806db864ea4764fd'),('http://localhost:8080/sead-wf/entity/72670','id:6','8f7dd72de2b752455d591e3e2cf5ee0e'),('http://localhost:8080/sead-wf/entity/72670','id:7','1c62e10db08ed73c162c165da39d4cee46e978a2'),('http://localhost:8080/sead-wf/entity/72670','id:4','IU-b526b7ca-8ef4-4ed7-9a60-ff9a32ab152a'),('http://localhost:8080/sead-wf/entity/72679','id:6','80cf4903c5b08b00036b4eb11786285a'),('http://localhost:8080/sead-wf/entity/72679','id:7','bf4855d325c9e909156298939d163325c9d7151a'),('http://localhost:8080/sead-wf/entity/72679','id:4','IU-4c892629-1033-4d23-b989-b5d1fe8637c8'),('http://localhost:8080/sead-wf/entity/73688','id:6','0bbf7ae124ce92e5f3066c981b28f81b'),('http://localhost:8080/sead-wf/entity/73688','id:7','e16357c93068384d733c4c4208f773ebe7a38a30'),('http://localhost:8080/sead-wf/entity/73688','id:4','IU-c9558887-d5ca-45d4-9c88-244218746ded'),('http://localhost:8080/sead-wf/entity/73697','id:6','8e328ae812307bd5298a4d9460676fab'),('http://localhost:8080/sead-wf/entity/73697','id:4','IU-d1268259-47fe-473e-bf14-15ab9997b365'),('http://localhost:8080/sead-wf/entity/73697','id:7','a0a5738e36bb1930ae47f58b16efed7a130d6083'),('http://localhost:8080/sead-wf/entity/73706','id:7','ecf9076262e6235c56f2b09fd1279d5284671925'),('http://localhost:8080/sead-wf/entity/73706','id:4','IU-842b5c91-10a4-42a6-94cc-138e40627d68'),('http://localhost:8080/sead-wf/entity/73706','id:6','7d4ca8cc8edd405976d4eea1fd364a7a'),('http://localhost:8080/sead-wf/entity/74715','id:6','55e55e9f3da55925ce8d8a02d985d1fe'),('http://localhost:8080/sead-wf/entity/74715','id:4','IU-b0db0b4a-e5f8-49de-9280-19ee6350bd1f'),('http://localhost:8080/sead-wf/entity/74715','id:7','5694bed8fe1cec90fbae957873ed6dc58cfc1fed'),('http://localhost:8080/sead-wf/entity/74724','id:6','f7f5508f7c093d0be92f4e0388604e6d'),('http://localhost:8080/sead-wf/entity/74724','id:4','IU-b6d7ffbe-9203-40d6-b4c7-883ec52f46fe'),('http://localhost:8080/sead-wf/entity/74724','id:7','a2329a4d6332c331946de833ff0a5e0d9cc61dee'),('http://localhost:8080/sead-wf/entity/74733','id:6','e67e47e5c61683f9c7c4db4036ec41c0'),('http://localhost:8080/sead-wf/entity/74733','id:4','IU-535a5455-6e22-43b7-a8a5-207af88dcb76'),('http://localhost:8080/sead-wf/entity/74733','id:7','f200d6173051d05fef592cb0a94803a05a935591'),('http://localhost:8080/sead-wf/entity/75742','id:6','a66977de783e113e71e77e712bbdcc1b'),('http://localhost:8080/sead-wf/entity/75742','id:4','IU-4afc331b-a2e6-4aaf-add5-62c2812038e8'),('http://localhost:8080/sead-wf/entity/75742','id:7','890dcbfaa8cbd6906c2f940ada73741e3e540948'),('http://localhost:8080/sead-wf/entity/75751','id:6','22bd32d83198c0564dda7dfa4c8f766c'),('http://localhost:8080/sead-wf/entity/75751','id:4','IU-eabfef07-ae5a-4e8e-b461-7d895cbc276c'),('http://localhost:8080/sead-wf/entity/75751','id:7','a5e312f9edd5ccdb9601b8a058ad935031e8fe37'),('http://localhost:8080/sead-wf/entity/75760','id:7','797f8967d4325ae7656edb30bd5e91f9126b0976'),('http://localhost:8080/sead-wf/entity/75760','id:6','45f67bb0592fa7ef41b86f51ae6c35c7'),('http://localhost:8080/sead-wf/entity/75760','id:4','IU-6f574a57-64ac-4fcd-bc3d-0df72d7b6be2'),('93286117-873b-4a4c-bde4-83651f2e0af7','id:4','9dcdc4de-8ff1-4177-91d5-4f7616f43f4b'),('145428db-4ea4-4bfe-9e2d-cb7aa8f94e36','id:4','5ec9ac0d-3858-474f-9b23-69e54ec561a3'),('880e3ff1-d802-4ee1-9143-cfc076ba854e','id:4','9dcb598a-2567-4f7c-a1fe-a4091c552b49'),('http://localhost:8080/sead-wf/entity/76769','id:7','35211b11bac2bc5e03fb28f12f2e6e6b73da950c'),('http://localhost:8080/sead-wf/entity/76769','id:4','IU-bfc40e2e-3346-49e1-ae9a-1fbf87df49d3'),('http://localhost:8080/sead-wf/entity/76769','id:6','5957f5ac1eee892e4d71d89fa77b943e'),('http://localhost:8080/sead-wf/entity/77778','id:7','b2a3ed0185af890e4589fdc73ef48950db86e1f8'),('http://localhost:8080/sead-wf/entity/77778','id:6','2599e618530cce93e35ecd744858a006'),('http://localhost:8080/sead-wf/entity/77778','id:4','IU-acab2a8d-9690-4724-8388-ebd6de373932'),('http://localhost:8080/sead-wf/entity/77787','id:7','c8ec362e8d4885ab906672656ca515c73471b368'),('http://localhost:8080/sead-wf/entity/77787','id:4','IU-2244bac3-64fb-495c-9f75-eeedd6402c1c'),('http://localhost:8080/sead-wf/entity/77787','id:6','8a9e47d3e0da69b6acebdfa298c9b88d'),('http://localhost:8080/sead-wf/entity/78796','id:7','b42098d826bf67f892f656baf2587dc2fb41dbe5'),('http://localhost:8080/sead-wf/entity/78796','id:6','5299a8e6ddd3acb9ee10ba79b7afba31'),('http://localhost:8080/sead-wf/entity/78796','id:4','IU-481c9b01-dac7-4791-8210-ef74574943fc'),('http://localhost:8080/sead-wf/entity/79805','id:7','c0d3d08dfb08b60a7336c7b2e7b7e2a17999a6c8'),('http://localhost:8080/sead-wf/entity/79805','id:6','d24c2f5b7c591e6f8c6c687868321794'),('http://localhost:8080/sead-wf/entity/79805','id:4','IU-ae0a9d27-bfb9-489c-b9e7-4a97102a992b'),('http://localhost:8080/sead-wf/entity/80814','id:4','IU-95d1596a-99b7-48b8-ab5b-2b3aa4b311f7'),('http://localhost:8080/sead-wf/entity/80814','id:7','5b4532dcd3d7d9b73c95524d54defad5aaf191c4'),('http://localhost:8080/sead-wf/entity/80814','id:6','b6b744c5f2d838c1e0ae95c6f05a3651'),('http://localhost:8080/sead-wf/entity/81823','id:4','IU-cf0160a7-a5ff-4536-8cbe-1ad1fe88f42a'),('http://localhost:8080/sead-wf/entity/82832','id:4','IU-a0be7efc-7b09-471a-a220-c51ec09debd6'),('http://localhost:8080/sead-wf/entity/82832','id:6','f4f776e57c95c07d7b759c3bb582f6e6'),('http://localhost:8080/sead-wf/entity/82832','id:7','43529c8fbf5c9f99b81a52f0968de43fadab7c5a9b3e976b872b373704c561f9'),('http://localhost:8080/sead-wf/entity/82841','id:7','58569b50a4a436dfbe3978b0e05638ed29635fccbf2fa48fa88c8e0c413ce0f6'),('http://localhost:8080/sead-wf/entity/82841','id:6','21e479e6b369f6bd7a007c8c11e56e5e'),('http://localhost:8080/sead-wf/entity/82841','id:4','IU-7f0651cf-ad3e-45d0-a343-aa7ac2c4ad5a'),('http://localhost:8080/sead-wf/entity/83850','id:4','IU-8bb16f23-ac48-4cb5-98d4-88ca418d4e28'),('http://localhost:8080/sead-wf/entity/83850','id:7','1c38ab662f55917fbd66423dc110e9ce8e0cf2719d18589b5b9ee0d1d65a9578'),('http://localhost:8080/sead-wf/entity/83850','id:6','4341d14f49b0a5365b4730c5dee4fcc4'),('http://localhost:8080/sead-wf/entity/84859','id:7','32b9b5c17a11952998fd3f01cb88f118ed10f1f176c8c1c36d4a5c4866f0932d'),('http://localhost:8080/sead-wf/entity/84859','id:6','46697e2be4cebf5feac1d8a9f00103e4'),('http://localhost:8080/sead-wf/entity/84859','id:4','IU-60ee9b30-c2b5-4a6c-9c7b-f7737dffa775'),('http://localhost:8080/sead-wf/entity/85868','id:4','IU-6fe6df2a-3a74-4999-8c1b-1b81eae7e5d2'),('http://localhost:8080/sead-wf/entity/85868','id:7','36e075a52d71f9f8c4935d7e17756e7e703a52d66875af1c66dcecb63f4c504e'),('http://localhost:8080/sead-wf/entity/85868','id:6','5c92d4c9989d9ac26d3f30100c4f0aba'),('http://localhost:8080/sead-wf/entity/86877','id:4','IU-089c6c68-72a1-4f18-aec7-ad2634a41e59'),('http://localhost:8080/sead-wf/entity/86877','id:7','c0f37fe17ebed99f57d5c800aeab2fbafadb50029678656580816f2fa60f0a80'),('http://localhost:8080/sead-wf/entity/86877','id:6','8e1488dccf0b3c07b021bd21c6c6eaac'),('http://localhost:8080/sead-wf/entity/87886','id:4','IU-7ce213fd-46cc-4d31-9490-7e11426b5383'),('http://localhost:8080/sead-wf/entity/87886','id:7','ad2d502d727fa1bb560a9277daf7a5e0615290989a2112eba52f0e28cec185f4'),('http://localhost:8080/sead-wf/entity/87886','id:6','ef53512ca8244af9c7f64aefe1c65555'),('http://localhost:8080/sead-wf/entity/88910','id:7','99a5fbe76c0061b084c0c6f2d404823ef1af64fc9fba85005ce25bf524638fed'),('http://localhost:8080/sead-wf/entity/88910','id:6','4e3ca993fe5c9dd26cb06cacc7011aa7'),('http://localhost:8080/sead-wf/entity/88910','id:4','IU-eb304dbd-299a-4e96-9989-91fcdd196384'),('http://localhost:8080/sead-wf/entity/88919','id:7','519c47ff33e48b04e015e2d54c0fb124883d0461746547c8f98d600dfc2e1255'),('http://localhost:8080/sead-wf/entity/88919','id:4','IU-ca447230-f819-4204-94b6-a8f1877dbd6c'),('http://localhost:8080/sead-wf/entity/88919','id:6','14a4317e9dfd8c4cd19068f4909cf376'),('http://localhost:8080/sead-wf/entity/88928','id:4','IU-2f08ede2-bb95-4cb0-8e20-e1b8ddfed990'),('http://localhost:8080/sead-wf/entity/88928','id:6','03f60a55d432e193c5f66b39309cb582'),('http://localhost:8080/sead-wf/entity/88928','id:7','c1800ddb663bfcbff6635885ed95bc5317948852227d26be965f065d9ecaf315'),('http://localhost:8080/sead-wf/entity/88937','id:4','IU-203acffd-2f15-4c1d-b0cf-ae69709a77f1'),('http://localhost:8080/sead-wf/entity/88937','id:7','8813d33976a974b43d15533e2ce44e52e7e49b1fa2baab883c51721c71a989cd'),('http://localhost:8080/sead-wf/entity/88937','id:6','5088b18b2425635ae55e730aa0946bd6'),('http://localhost:8080/sead-wf/entity/88946','id:4','IU-c8e0cc33-e819-4ed2-8fe5-6d3ce682eaa6'),('http://localhost:8080/sead-wf/entity/88946','id:6','400535e98e94883163da14933e25ecb1'),('http://localhost:8080/sead-wf/entity/88946','id:7','d429bf6934cc77c9cc254a2ef8e3509f457c3d89e4b76755694672bf026b5d43'),('http://localhost:8080/sead-wf/entity/88955','id:4','IU-cd510594-3b65-4eb3-9753-d655e9aee003'),('http://localhost:8080/sead-wf/entity/88955','id:6','52f911b87572ff4309f1705f68d94653'),('http://localhost:8080/sead-wf/entity/88955','id:7','6314aebe6c7c8c4f06ff11db447fa18b18a187bba5522c164254525da7f9fea0'),('http://localhost:8080/sead-wf/entity/88964','id:6','7fa5c259a42ff4457a636a2b5c5049dc'),('http://localhost:8080/sead-wf/entity/88964','id:4','IU-2c54a4d6-6f11-4558-85df-38d84ef74f1d'),('http://localhost:8080/sead-wf/entity/88964','id:7','ac4a39d18ef45fdb94e22a8b6aa2fc74c6940d7fd81118cf3a11b1932d84230c'),('http://localhost:8080/sead-wf/entity/88973','id:6','7d6de3f171896fbeadc5aa06d67e41dc'),('http://localhost:8080/sead-wf/entity/88973','id:4','IU-590f723e-c13f-4fa6-ae2b-a50dee2f5106'),('http://localhost:8080/sead-wf/entity/88973','id:7','5c42c3d7ac5b5e26d71f2125abd2f6236e51d83b81dcf99226694ef1101ae89e'),('http://localhost:8080/sead-wf/entity/88986','id:7','8ef8d417e7b08b4e820d504751547149729f3deae74e28931f697ecb7352c5b2'),('http://localhost:8080/sead-wf/entity/88986','id:6','0f96d20619b71bc6753ee97955f743fd'),('http://localhost:8080/sead-wf/entity/88986','id:4','IU-d4362207-8d13-46a6-964c-92373c061470'),('http://localhost:8080/sead-wf/entity/88995','id:7','9c1a4ce85ecb285e655931984e2a7f624f7f95295bd126c62f742932f80a37f5'),('http://localhost:8080/sead-wf/entity/88995','id:6','f86c3b5edcbfdf81e4fa394e5f572dd5'),('http://localhost:8080/sead-wf/entity/88995','id:4','IU-4597903e-f5dc-4b73-8ee2-59ae07e82a2d'),('http://localhost:8080/sead-wf/entity/89004','id:4','IU-de09b7c0-985a-4fd1-ba46-8130b021d92e'),('http://localhost:8080/sead-wf/entity/89004','id:7','0222756dece52b7f6c0028a9241dadc93891aa5376f0bde5d8b96625425c6d0d'),('http://localhost:8080/sead-wf/entity/89004','id:6','19a1f9f2b05a044c9f83da1e8e43573b'),('http://localhost:8080/sead-wf/entity/89013','id:6','31eb11fe5c48ba67f11de475c0db6186'),('http://localhost:8080/sead-wf/entity/89013','id:4','IU-5cf1a767-03a2-4f34-b900-0b883a2dfc98'),('http://localhost:8080/sead-wf/entity/89013','id:7','19b6dbcf6874ca9a84c73e1fe63bdbf113df1e736d05f89a363179ae36040d21'),('http://localhost:8080/sead-wf/entity/89026','id:7','75335ab271933c9f869e564c9375ba8adc6dad383fa73997199f199adae26876'),('http://localhost:8080/sead-wf/entity/89026','id:6','d6c8f3734649ddf73e5645e7c5451316'),('http://localhost:8080/sead-wf/entity/89026','id:4','IU-a68eb053-cbd6-423c-950c-4b75af7fc679'),('http://localhost:8080/sead-wf/entity/89039','id:6','a2e854deb44cd85243ccf857cfc29ecc'),('http://localhost:8080/sead-wf/entity/89039','id:4','IU-92038f2d-4b13-472a-a05b-f29022121273'),('http://localhost:8080/sead-wf/entity/89039','id:7','74395721820f43f91e8c2796399c8fedad177d213c74e3cb356d25dde630706f'),('http://localhost:8080/sead-wf/entity/89052','id:7','b81937503ba89bd14139d6709f2b77359f00b46ce0d2a4638eefdc3fc2f09a04'),('http://localhost:8080/sead-wf/entity/89052','id:6','7d41cfb765fc1d4d5827f43007af1097'),('http://localhost:8080/sead-wf/entity/89052','id:4','IU-4040ef34-536f-4e38-8534-f6ca5cd4f5e6'),('http://localhost:8080/sead-wf/entity/89061','id:7','a9c8be163b9ee376d778e445fccd4b99b9ffe842c1f78689138cdeda6971a820'),('http://localhost:8080/sead-wf/entity/89061','id:6','f8cb4a735948d0470cc747cf37707222'),('http://localhost:8080/sead-wf/entity/89061','id:4','IU-5359df51-3d55-447a-84dc-dbb9349a2866'),('http://localhost:8080/sead-wf/entity/89074','id:4','IU-2ea49f43-5073-412c-a10f-9d036c6d8b72'),('http://localhost:8080/sead-wf/entity/89074','id:7','e1b1dd524c4ab7fd654da5355fc256a6cf4cca17c6644607d9f29af46367980e'),('http://localhost:8080/sead-wf/entity/89074','id:6','ae385515110a3e569b639dfc9c7ff1ba'),('http://localhost:8080/sead-wf/entity/89087','id:6','00d7c35df7f69ed42ee53e7bb30bdb62'),('http://localhost:8080/sead-wf/entity/89087','id:7','560b20d3d0041bc46639ed1f2417fdaa777189825572f358ce6a87651a017e37'),('http://localhost:8080/sead-wf/entity/89087','id:4','IU-cd94a185-1a9d-4f1b-adeb-a73e07188189'),('http://localhost:8080/sead-wf/entity/89100','id:6','f85e7c02bfb12d6a14dbf7e5d311b6a7'),('http://localhost:8080/sead-wf/entity/89100','id:4','IU-153a27a3-1f9c-4703-8f8c-3b55a15beec1'),('http://localhost:8080/sead-wf/entity/89100','id:7','c7f0f713bb6f9e08ce0b35c9a172c5c6b504c0829fdd7d112cc9c467b0e47141'),('http://localhost:8080/sead-wf/entity/89113','id:6','230b37bce47fa05bb52e80e3862b0626'),('http://localhost:8080/sead-wf/entity/89113','id:7','b6b14e6b680db4554151f949369d01c3af64eb0722992e60f8f31943c8613ce7'),('http://localhost:8080/sead-wf/entity/89113','id:4','IU-f02df653-925a-42af-8857-7595f122c733'),('http://localhost:8080/sead-wf/entity/89126','id:4','IU-a31d1e52-2551-41e0-9849-08544116f9c2'),('http://localhost:8080/sead-wf/entity/89126','id:7','0af0ffe516f014d9913170a8d6953b10d204ae2bea5c661af0c1a28353e5874f'),('http://localhost:8080/sead-wf/entity/89126','id:6','7f9edf1e19ddb6e44c6d4d887bca857d'),('http://localhost:8080/sead-wf/entity/89139','id:6','8294aff92193dbe811f555cd3cab8038'),('http://localhost:8080/sead-wf/entity/89139','id:4','IU-803d78c1-25f3-4025-bc57-48a113592141'),('http://localhost:8080/sead-wf/entity/89139','id:7','683dc92e3f2691425c83a423717930bdd1847783ae4d0c5a62cf676747925050'),('http://localhost:8080/sead-wf/entity/1002','id:4','IU-5fe27735-137a-4b6e-a963-0931b0c55081'),('http://localhost:8080/sead-wf/entity/1011','id:6','52f513256680de68be777fd697eb3e59'),('http://localhost:8080/sead-wf/entity/1002','id:7','5eb8dd1ff0c0756f41e51a0f763f622a8fd084d76254c68b3768aa755d9b9a7f'),('http://localhost:8080/sead-wf/entity/1011','id:4','IU-ef2c77e8-4f69-4a14-8f60-ebeb8864c74f'),('http://localhost:8080/sead-wf/entity/1002','id:6','1ff6698de2bf8fc091ca2f93165972a7'),('http://localhost:8080/sead-wf/entity/1011','id:7','3e5d97c16fca32f41dc85d60f9605e742a9b48e02bd6c775b54de6df71757108'),('http://localhost:8080/sead-wf/entity/1020','id:4','IU-c5b53b2a-16b3-464b-a39f-c5acf30a72c1'),('http://localhost:8080/sead-wf/entity/1020','id:7','12d5ff1604a4bf2ee60c8fd4ced0ca917e635f473f6a462342932bf77f424b22'),('http://localhost:8080/sead-wf/entity/1020','id:6','f6a5c405fb29e8692cc7a9baca5cf7c9'),('http://localhost:8080/sead-wf/entity/1027','id:7','780c2a4d02a6ba53227b4a9adffc8035ecddb6deb19a519da8fadde3c9f72d57'),('http://localhost:8080/sead-wf/entity/1027','id:4','IU-2505e0ce-93b5-4036-a9db-ca6a8643a016'),('http://localhost:8080/sead-wf/entity/1027','id:6','a95a833f5d6e982d229290dfc63c8ef2'),('http://localhost:8080/sead-wf/entity/1034','id:6','ad827ca130a9d82264003b91850f3bc0'),('http://localhost:8080/sead-wf/entity/1034','id:4','IU-3cbd8cfd-317a-4d6f-9d6a-2bf0028b5881'),('http://localhost:8080/sead-wf/entity/1034','id:7','668f8e0fde7e6c41875aef7347ceb0198af6544d069b24f9b82940e1797ac41f'),('http://localhost:8080/sead-wf/entity/1041','id:4','IU-b64e29d7-0050-4dd2-a5e3-c682b80af635'),('http://localhost:8080/sead-wf/entity/1041','id:6','7d372f5f7421659d91708e4d379faeb6'),('http://localhost:8080/sead-wf/entity/1041','id:7','bab400681cebc0b8a5d6e383fe03453a908f58220c62d940f0dea805aa3a7200'),('http://localhost:8080/sead-wf/entity/1048','id:7','81eedb6a2e9e30f04f0c0f2ff543f6dd99849ee2e5a5f1a6dc815f2ff1ff3d91'),('http://localhost:8080/sead-wf/entity/1048','id:4','IU-86bbd4e8-c4fe-41da-8e2c-1dbe7d16b502'),('http://localhost:8080/sead-wf/entity/1048','id:6','d82b624e55e31075adebd51efe4b1e0b'),('http://localhost:8080/sead-wf/entity/1064','id:7','77d26ff185be52dce9b721d8305850c4d9e52178125a00c036b28562612ca686'),('http://localhost:8080/sead-wf/entity/1064','id:6','e1d9291b78d0b1810a38fdc9929a6e4a'),('http://localhost:8080/sead-wf/entity/1064','id:4','IU-b93819ea-e06b-426f-99f2-2bf5c988d0a7'),('http://localhost:8080/sead-wf/entity/1077','id:7','c2a1510479a6e7f6eb75499edb20172755fecedabfb5201a2ab72b11fe171c47'),('http://localhost:8080/sead-wf/entity/1077','id:6','420289a70348a79caf5691cba6c4f477'),('http://localhost:8080/sead-wf/entity/1077','id:4','IU-a23da26d-d07f-476e-b3d6-b2cc6ee318a6'),('http://localhost:8080/sead-wf/entity/1090','id:7','e1172283ef349a841fc750c32276ce46b0c317647220272ade247f70c04a0de0'),('http://localhost:8080/sead-wf/entity/1090','id:6','ec9f33d033dd9d66a97492670f704099'),('http://localhost:8080/sead-wf/entity/1090','id:4','IU-ed978efa-d84c-4c43-9056-f683d0669641');
/*!40000 ALTER TABLE `data_identifier` ENABLE KEYS */;
UNLOCK TABLES;

--
-- Table structure for table `data_identifier_type`
--

DROP TABLE IF EXISTS `data_identifier_type`;
/*!40101 SET @saved_cs_client     = @@character_set_client */;
/*!40101 SET character_set_client = utf8 */;
CREATE TABLE `data_identifier_type` (
  `data_identifier_type_id` varchar(127) NOT NULL,
  `data_identifier_type_name` varchar(127) NOT NULL,
  `schema_uri` varchar(256) NOT NULL,
  PRIMARY KEY (`data_identifier_type_id`)
) ENGINE=MyISAM DEFAULT CHARSET=latin1;
/*!40101 SET character_set_client = @saved_cs_client */;

--
-- Dumping data for table `data_identifier_type`
--

LOCK TABLES `data_identifier_type` WRITE;
/*!40000 ALTER TABLE `data_identifier_type` DISABLE KEYS */;
INSERT INTO `data_identifier_type` VALUES ('id:1','doi','http://dx.doi.org'),('id:2','ark','http://n2t.net/ark'),('id:3','medici','http://nced.ncsa.illinois.edu'),('id:4','dpnobjectid',''),('id:5','dataone','http://seadva.d2i.indiana.edu'),('id:6','fixity-md5',''),('id:7','fixity-sha1','');
/*!40000 ALTER TABLE `data_identifier_type` ENABLE KEYS */;
UNLOCK TABLES;

--
-- Table structure for table `data_location`
--

DROP TABLE IF EXISTS `data_location`;
/*!40101 SET @saved_cs_client     = @@character_set_client */;
/*!40101 SET character_set_client = utf8 */;
CREATE TABLE `data_location` (
  `entity_id` varchar(127) NOT NULL,
  `location_type_id` varchar(127) NOT NULL,
  `location_value` varchar(256) NOT NULL,
  `is_master_copy` int(1) DEFAULT NULL,
  PRIMARY KEY (`entity_id`,`location_type_id`),
  KEY `location_type_id` (`location_type_id`)
) ENGINE=MyISAM DEFAULT CHARSET=latin1;
/*!40101 SET character_set_client = @saved_cs_client */;

--
-- Dumping data for table `data_location`
--

LOCK TABLES `data_location` WRITE;
/*!40000 ALTER TABLE `data_location` DISABLE KEYS */;
INSERT INTO `data_location` VALUES ('http://localhost:8080/sead-wf/entity/21232','repo:1','IU-cd3d9d62-5193-4351-b6d0-37d6f64fca40/man_21228/sample.pdf',1),('http://localhost:8080/sead-wf/entity/21231','repo:1','IU-cd3d9d62-5193-4351-b6d0-37d6f64fca40/man_21228/sample.xls',1),('8e8c2f51-6abd-4ad9-85a7-9ff21738ef8e','repo:1','IU-1ef5816b-cefd-4222-8e6e-37fd873e24cd.tar',1),('ebd5e592-ef89-4c09-80de-ee3a62db1ddc','repo:1','IU-4a9e495a-2116-4016-b54c-563ef0440066.tar',1),('f440fc18-6cd1-4617-8c11-a5c85e149397','repo:1','IU-d50fb488-7631-4492-9bec-19cc5da46e5d.tar',1),('9ec8f8fb-6af7-4257-a73c-2df8380fb586','repo:1','IU-f6fac0ad-a2cf-4116-9556-2a825ca3a19f.tar',1),('8dc311e1-6f9d-4a0e-aef7-5371589f02e2','repo:1','IU-3b7734d5-bc75-4feb-a69b-dd149580e79f.tar',1),('099c6f88-a486-4987-a988-2d34735a7aa3','repo:1','IU-4aa011cf-e435-49b9-95ed-06e28cd05a6e.tar',1),('b905af91-0d5d-4fb7-be21-02333fe22d4d','repo:1','IU-2e868ace-2431-4e47-9f79-59163373e442.tar',1),('0dca3d93-d24a-4a98-a4cb-4a02fa6e0062','repo:1','IU-a36aadd4-782b-4376-a3ef-8b78ff06a89d.tar',1),('65b4d702-1192-41ec-a9d3-a9e3c3c1b116','repo:1','IU-2ab21416-67ca-4eab-b028-860ec530b6d8.tar',1),('3830ed6c-98fc-425b-a33c-2559ce86796c','repo:1','IU-ba782ab5-3a83-4bfe-92e4-d2b1371f3f9a.tar',1),('c06b3d30-dddf-46b8-b7d5-e86f2b3f1d7e','repo:1','IU-91030ba0-0879-43a5-b840-d258b2564c78.tar',1),('6f551f32-4d79-43ed-a6e5-9624c2423c55','repo:1','IU-15c9382b-ba4c-4dcf-8ea4-cb2315a30e0b.tar',1),('aa1b2436-d076-4ee8-8505-6c90685c5bc6','repo:1','IU-0fad328d-8a2e-4142-9b5d-5355ebc88068.tar',1),('0142a662-34f9-493a-a2ff-c069c87007ba','repo:1','IU-deb37d5b-f703-4910-a96c-4a51bc528183.tar',1),('0adcfa0c-8dbd-44bb-b774-022645e49f74','repo:1','IU-2002ec09-abf2-4ee4-9574-a42b2e3489dd.tar',1),('a70636a7-777c-43a8-8a34-af7f24f9db97','repo:1','IU-19747aae-ed72-4437-98e2-122650d21385.tar',1),('f725a78b-f3ee-40ff-bf85-f17dfe0f98c2','repo:1','IU-2ac76862-662d-42db-8208-c98b6529ef16.tar',1),('a326fa4a-ff67-4eaa-990d-35d00b9dfed9','repo:1','IU-64c10e72-39bc-49e3-9fff-97a309b0498f.tar',1),('57505193-689f-4e3d-a930-533d2c9eeb82','repo:1','IU-ff87c17b-55aa-470b-a504-ef6fc2a36dab.tar',1),('http://localhost:8080/sead-wf/entity/56461','repo:1','IU-dd91a0d4-9f7b-42f4-8469-07af7ab321c5.tar',1),('http://localhost:8080/sead-wf/entity/57470','repo:1','IU-77624b63-f89b-4812-92c0-7c692ce3d951.tar',1),('http://localhost:8080/sead-wf/entity/58479','repo:1','IU-1dfe5c82-7325-425c-8ca1-7ddfa622e604.tar',1),('http://localhost:8080/sead-wf/entity/59488','repo:1','IU-d8aa293f-01c3-4743-b000-42661de6821e.tar',1),('http://localhost:8080/sead-wf/entity/60497','repo:1','IU-d26614e3-34b7-48d8-9790-6a9f43125aaa.tar',1),('http://localhost:8080/sead-wf/entity/61506','repo:1','IU-5597ebf9-0fe7-4a24-9359-36690f968f53.tar',1),('http://localhost:8080/sead-wf/entity/62515','repo:1','IU-f7990178-c7c7-447d-a258-4a95ce70c372.tar',1),('http://localhost:8080/sead-wf/entity/63524','repo:1','IU-4c8b6105-2d0a-499e-9cc4-f79aafb68c08.tar',1),('http://localhost:8080/sead-wf/entity/64533','repo:1','IU-e2439972-d3b4-458c-8288-d8aa5ab99cca.tar',1),('http://localhost:8080/sead-wf/entity/65542','repo:1','IU-00ed287f-a014-49d5-8c02-287978bfd9aa.tar',1),('http://localhost:8080/sead-wf/entity/66551','repo:1','IU-9a6885d9-cc0a-471d-b629-b19dc0c3ae16.tar',1),('http://localhost:8080/sead-wf/entity/67560','repo:1','IU-1483f7dd-e80c-425e-b769-bce6992ea904.tar',1),('http://localhost:8080/sead-wf/entity/68569','repo:1','IU-58944259-fba6-456a-9501-3c496084986e.tar',1),('http://localhost:8080/sead-wf/entity/68578','repo:1','IU-c710faf7-3f5d-44d2-9972-42e3cd3e5bf5.tar',1),('http://localhost:8080/sead-wf/entity/68587','repo:1','IU-13050894-1df3-4054-b772-5388c91b34ea.tar',1),('http://localhost:8080/sead-wf/entity/69625','repo:1','IU-d5c23cf0-a4f4-47a9-b15b-e4692fed73f4.tar',1),('http://localhost:8080/sead-wf/entity/69634','repo:1','IU-04df83a3-939e-48d6-bb51-27332ff0571c.tar',1),('http://localhost:8080/sead-wf/entity/69643','repo:1','IU-2a266957-86fd-4322-8833-76d1d0b88721.tar',1),('http://localhost:8080/sead-wf/entity/72670','repo:1','IU-b526b7ca-8ef4-4ed7-9a60-ff9a32ab152a.tar',1),('http://localhost:8080/sead-wf/entity/72679','repo:1','IU-4c892629-1033-4d23-b989-b5d1fe8637c8.tar',1),('http://localhost:8080/sead-wf/entity/73688','repo:1','IU-c9558887-d5ca-45d4-9c88-244218746ded.tar',1),('http://localhost:8080/sead-wf/entity/73697','repo:1','IU-d1268259-47fe-473e-bf14-15ab9997b365.tar',1),('http://localhost:8080/sead-wf/entity/73706','repo:1','IU-842b5c91-10a4-42a6-94cc-138e40627d68.tar',1),('http://localhost:8080/sead-wf/entity/74715','repo:1','IU-b0db0b4a-e5f8-49de-9280-19ee6350bd1f.tar',1),('http://localhost:8080/sead-wf/entity/74724','repo:1','IU-b6d7ffbe-9203-40d6-b4c7-883ec52f46fe.tar',1),('http://localhost:8080/sead-wf/entity/74733','repo:1','IU-535a5455-6e22-43b7-a8a5-207af88dcb76.tar',1),('http://localhost:8080/sead-wf/entity/75742','repo:1','IU-4afc331b-a2e6-4aaf-add5-62c2812038e8.tar',1),('http://localhost:8080/sead-wf/entity/75751','repo:1','IU-eabfef07-ae5a-4e8e-b461-7d895cbc276c.tar',1),('http://localhost:8080/sead-wf/entity/75760','repo:1','IU-6f574a57-64ac-4fcd-bc3d-0df72d7b6be2.tar',1),('http://localhost:8080/sead-wf/entity/76769','repo:1','IU-bfc40e2e-3346-49e1-ae9a-1fbf87df49d3.tar',1),('http://localhost:8080/sead-wf/entity/77778','repo:1','IU-acab2a8d-9690-4724-8388-ebd6de373932.tar',1),('http://localhost:8080/sead-wf/entity/77787','repo:1','IU-2244bac3-64fb-495c-9f75-eeedd6402c1c.tar',1),('http://localhost:8080/sead-wf/entity/78796','repo:1','IU-481c9b01-dac7-4791-8210-ef74574943fc.tar',1),('http://localhost:8080/sead-wf/entity/79805','repo:1','IU-ae0a9d27-bfb9-489c-b9e7-4a97102a992b.tar',1),('http://localhost:8080/sead-wf/entity/80814','repo:1','IU-95d1596a-99b7-48b8-ab5b-2b3aa4b311f7.tar',1),('http://localhost:8080/sead-wf/entity/81823','repo:1','IU-cf0160a7-a5ff-4536-8cbe-1ad1fe88f42a.tar',1),('http://localhost:8080/sead-wf/entity/82832','repo:1','IU-a0be7efc-7b09-471a-a220-c51ec09debd6.tar',1),('http://localhost:8080/sead-wf/entity/82841','repo:1','IU-7f0651cf-ad3e-45d0-a343-aa7ac2c4ad5a.tar',1),('http://localhost:8080/sead-wf/entity/83850','repo:1','IU-8bb16f23-ac48-4cb5-98d4-88ca418d4e28.tar',1),('http://localhost:8080/sead-wf/entity/84859','repo:1','IU-60ee9b30-c2b5-4a6c-9c7b-f7737dffa775.tar',1),('http://localhost:8080/sead-wf/entity/85868','repo:1','IU-6fe6df2a-3a74-4999-8c1b-1b81eae7e5d2.tar',1),('http://localhost:8080/sead-wf/entity/86877','repo:1','IU-089c6c68-72a1-4f18-aec7-ad2634a41e59.tar',1),('http://localhost:8080/sead-wf/entity/87886','repo:1','IU-7ce213fd-46cc-4d31-9490-7e11426b5383.tar',1),('http://localhost:8080/sead-wf/entity/88910','repo:1','IU-eb304dbd-299a-4e96-9989-91fcdd196384.tar',1),('http://localhost:8080/sead-wf/entity/88919','repo:1','IU-ca447230-f819-4204-94b6-a8f1877dbd6c.tar',1),('http://localhost:8080/sead-wf/entity/88928','repo:1','IU-2f08ede2-bb95-4cb0-8e20-e1b8ddfed990.tar',1),('http://localhost:8080/sead-wf/entity/88937','repo:1','IU-203acffd-2f15-4c1d-b0cf-ae69709a77f1.tar',1),('http://localhost:8080/sead-wf/entity/88946','repo:1','IU-c8e0cc33-e819-4ed2-8fe5-6d3ce682eaa6.tar',1),('http://localhost:8080/sead-wf/entity/88955','repo:1','IU-cd510594-3b65-4eb3-9753-d655e9aee003.tar',1),('http://localhost:8080/sead-wf/entity/88964','repo:1','IU-2c54a4d6-6f11-4558-85df-38d84ef74f1d.tar',1),('http://localhost:8080/sead-wf/entity/88973','repo:1','IU-590f723e-c13f-4fa6-ae2b-a50dee2f5106.tar',1),('http://localhost:8080/sead-wf/entity/88986','repo:1','IU-d4362207-8d13-46a6-964c-92373c061470.tar',1),('http://localhost:8080/sead-wf/entity/88995','repo:1','IU-4597903e-f5dc-4b73-8ee2-59ae07e82a2d.tar',1),('http://localhost:8080/sead-wf/entity/89004','repo:1','IU-de09b7c0-985a-4fd1-ba46-8130b021d92e.tar',1),('http://localhost:8080/sead-wf/entity/89013','repo:1','IU-5cf1a767-03a2-4f34-b900-0b883a2dfc98.tar',1),('http://localhost:8080/sead-wf/entity/89026','repo:1','IU-a68eb053-cbd6-423c-950c-4b75af7fc679.tar',1),('http://localhost:8080/sead-wf/entity/89039','repo:1','IU-92038f2d-4b13-472a-a05b-f29022121273.tar',1),('http://localhost:8080/sead-wf/entity/89052','repo:1','IU-4040ef34-536f-4e38-8534-f6ca5cd4f5e6.tar',1),('http://localhost:8080/sead-wf/entity/89061','repo:1','IU-5359df51-3d55-447a-84dc-dbb9349a2866.tar',1),('http://localhost:8080/sead-wf/entity/89074','repo:1','IU-2ea49f43-5073-412c-a10f-9d036c6d8b72.tar',1),('http://localhost:8080/sead-wf/entity/89087','repo:1','IU-cd94a185-1a9d-4f1b-adeb-a73e07188189.tar',1),('http://localhost:8080/sead-wf/entity/89100','repo:1','IU-153a27a3-1f9c-4703-8f8c-3b55a15beec1.tar',1),('http://localhost:8080/sead-wf/entity/89113','repo:1','IU-f02df653-925a-42af-8857-7595f122c733.tar',1),('http://localhost:8080/sead-wf/entity/89126','repo:1','IU-a31d1e52-2551-41e0-9849-08544116f9c2.tar',1),('http://localhost:8080/sead-wf/entity/89139','repo:1','IU-803d78c1-25f3-4025-bc57-48a113592141.tar',1),('http://localhost:8080/sead-wf/entity/1002','repo:1','IU-5fe27735-137a-4b6e-a963-0931b0c55081.tar',1),('http://localhost:8080/sead-wf/entity/1011','repo:1','IU-ef2c77e8-4f69-4a14-8f60-ebeb8864c74f.tar',1),('http://localhost:8080/sead-wf/entity/1020','repo:1','IU-c5b53b2a-16b3-464b-a39f-c5acf30a72c1.tar',1),('http://localhost:8080/sead-wf/entity/1027','repo:1','IU-2505e0ce-93b5-4036-a9db-ca6a8643a016.tar',1),('http://localhost:8080/sead-wf/entity/1034','repo:1','IU-3cbd8cfd-317a-4d6f-9d6a-2bf0028b5881.tar',1),('http://localhost:8080/sead-wf/entity/1041','repo:1','IU-b64e29d7-0050-4dd2-a5e3-c682b80af635.tar',1),('http://localhost:8080/sead-wf/entity/1048','repo:1','IU-86bbd4e8-c4fe-41da-8e2c-1dbe7d16b502.tar',1),('http://localhost:8080/sead-wf/entity/1064','repo:1','IU-b93819ea-e06b-426f-99f2-2bf5c988d0a7.tar',1),('http://localhost:8080/sead-wf/entity/1077','repo:1','IU-a23da26d-d07f-476e-b3d6-b2cc6ee318a6.tar',1),('http://localhost:8080/sead-wf/entity/1090','repo:1','IU-ed978efa-d84c-4c43-9056-f683d0669641.tar',1);
/*!40000 ALTER TABLE `data_location` ENABLE KEYS */;
UNLOCK TABLES;

--
-- Table structure for table `entity_content`
--

DROP TABLE IF EXISTS `entity_content`;
/*!40101 SET @saved_cs_client     = @@character_set_client */;
/*!40101 SET character_set_client = utf8 */;
CREATE TABLE `entity_content` (
  `entity_content_id` int(11) NOT NULL AUTO_INCREMENT,
  `entity_content_data` longblob,
  `entity_id` varchar(127) NOT NULL,
  PRIMARY KEY (`entity_content_id`),
  KEY `entity_id` (`entity_id`)
) ENGINE=MyISAM DEFAULT CHARSET=latin1;
/*!40101 SET character_set_client = @saved_cs_client */;

--
-- Dumping data for table `entity_content`
--

LOCK TABLES `entity_content` WRITE;
/*!40000 ALTER TABLE `entity_content` DISABLE KEYS */;
/*!40000 ALTER TABLE `entity_content` ENABLE KEYS */;
UNLOCK TABLES;

--
-- Table structure for table `entity_type`
--

DROP TABLE IF EXISTS `entity_type`;
/*!40101 SET @saved_cs_client     = @@character_set_client */;
/*!40101 SET character_set_client = utf8 */;
CREATE TABLE `entity_type` (
  `entity_type_id` varchar(127) NOT NULL,
  `entity_id` varchar(127) NOT NULL,
  `entity_type_name` varchar(256) NOT NULL,
  PRIMARY KEY (`entity_id`,`entity_type_id`)
) ENGINE=MyISAM DEFAULT CHARSET=latin1;
/*!40101 SET character_set_client = @saved_cs_client */;

--
-- Dumping data for table `entity_type`
--

LOCK TABLES `entity_type` WRITE;
/*!40000 ALTER TABLE `entity_type` DISABLE KEYS */;
/*!40000 ALTER TABLE `entity_type` ENABLE KEYS */;
UNLOCK TABLES;

--
-- Table structure for table `event`
--

DROP TABLE IF EXISTS `event`;
/*!40101 SET @saved_cs_client     = @@character_set_client */;
/*!40101 SET character_set_client = utf8 */;
CREATE TABLE `event` (
  `event_id` varchar(127) NOT NULL,
  `event_type_id` varchar(127) NOT NULL,
  `event_detail` varchar(256) NOT NULL,
  PRIMARY KEY (`event_id`),
  KEY `event_type_id` (`event_type_id`)
) ENGINE=MyISAM DEFAULT CHARSET=latin1;
/*!40101 SET character_set_client = @saved_cs_client */;

--
-- Dumping data for table `event`
--

LOCK TABLES `event` WRITE;
/*!40000 ALTER TABLE `event` DISABLE KEYS */;
/*!40000 ALTER TABLE `event` ENABLE KEYS */;
UNLOCK TABLES;

--
-- Table structure for table `event_type`
--

DROP TABLE IF EXISTS `event_type`;
/*!40101 SET @saved_cs_client     = @@character_set_client */;
/*!40101 SET character_set_client = utf8 */;
CREATE TABLE `event_type` (
  `event_type_id` varchar(127) NOT NULL,
  `event_name` varchar(127) NOT NULL,
  `event_description` varchar(256) NOT NULL,
  PRIMARY KEY (`event_type_id`)
) ENGINE=MyISAM DEFAULT CHARSET=latin1;
/*!40101 SET character_set_client = @saved_cs_client */;

--
-- Dumping data for table `event_type`
--

LOCK TABLES `event_type` WRITE;
/*!40000 ALTER TABLE `event_type` DISABLE KEYS */;
/*!40000 ALTER TABLE `event_type` ENABLE KEYS */;
UNLOCK TABLES;

--
-- Table structure for table `file`
--

DROP TABLE IF EXISTS `file`;
/*!40101 SET @saved_cs_client     = @@character_set_client */;
/*!40101 SET character_set_client = utf8 */;
CREATE TABLE `file` (
  `entity_id` varchar(127) NOT NULL,
  `size_bytes` bigint(20) DEFAULT NULL,
  `version_num` varchar(127) NOT NULL,
  `file_name` varchar(127) NOT NULL,
  `is_obsolete` int(1) DEFAULT NULL,
  PRIMARY KEY (`entity_id`)
) ENGINE=MyISAM DEFAULT CHARSET=latin1;
/*!40101 SET character_set_client = @saved_cs_client */;

--
-- Dumping data for table `file`
--

LOCK TABLES `file` WRITE;
/*!40000 ALTER TABLE `file` DISABLE KEYS */;
INSERT INTO `file` VALUES ('http://localhost:8080/sead-wf/entity/21232',-1,'1','sample.pdf',NULL),('http://localhost:8080/sead-wf/entity/21231',-1,'1','sample.xls',NULL),('0b5cd705-682c-4b23-b08e-d198d9fbfbe3',81818,'1','sample.pdf',NULL),('92ce6f04-b50e-4f79-b8cc-c67eda2d9366',23040,'1','sample.xls',NULL),('e8ea4176-612f-40f1-b66c-c1f4ca0a2ced',81818,'1','sample.pdf',NULL),('97098fad-34b2-462c-90c0-51e2661a0373',23040,'1','sample.xls',NULL),('46358b29-e910-4d17-a2d9-e42e81f2a8bc',23040,'1','sample.xls',NULL),('e00b44ac-7621-4128-a195-0dbf8407ae00',81818,'1','sample.pdf',NULL),('0d80c1ef-cdc9-4a89-a499-d98663910cc7',81818,'1','sample.pdf',NULL),('c27e22c9-0347-4721-9aba-e00f3cf3846e',23040,'1','sample.xls',NULL),('5ea378b7-c564-4bb9-8a8d-5d8c4a9db564',81818,'1','sample.pdf',NULL),('e3606396-5dc2-4136-8bed-edd0f762aa93',23040,'1','sample.xls',NULL),('2458be72-c4e1-4966-a135-0b7f6a1d48c4',81818,'1','sample.pdf',NULL),('0079f343-0b49-462c-ba36-455292040379',23040,'1','sample.xls',NULL),('70537a48-6fdc-4e37-aed0-763e948cb2d4',81818,'1','sample.pdf',NULL),('40bd3d9a-309a-479a-af81-04577a9fd396',23040,'1','sample.xls',NULL),('c123eeb5-6e3b-482c-946d-22ba90191954',81818,'1','sample.pdf',NULL),('08ae5f3f-51cb-485a-8804-f523c835ba00',23040,'1','sample.xls',NULL),('7bce88cf-9ab7-418f-b789-c6a41d781e4a',81818,'1','sample.pdf',NULL),('84c64477-cdc3-4756-affd-2a7fa699bc39',23040,'1','sample.xls',NULL),('7a10a478-ef78-4bcf-a9de-07a3331a2353',81818,'1','sample.pdf',NULL),('d27d12b5-40c3-449d-87cc-9f7d7a64e1d7',23040,'1','sample.xls',NULL),('84ff5ead-d439-4a78-b022-bd18d3e81356',23040,'1','sample.xls',NULL),('6b598dd9-d974-42c4-b2e4-8cffce6a5385',81818,'1','sample.pdf',NULL),('d624b35a-7e71-41d0-94c5-eb52674134d4',23040,'1','sample.xls',NULL),('acaf8438-131e-455e-94d1-f404ae30fc00',81818,'1','sample.pdf',NULL),('e74eab8d-07e7-4b08-a620-1e9d4648b9be',23040,'1','sample.xls',NULL),('c0d46954-33b5-4a92-9624-840fe514aaa3',81818,'1','sample.pdf',NULL),('1f106c02-a448-4740-99cd-e68f3e95e9eb',81818,'1','sample.pdf',NULL),('1efb0211-65e2-4c96-9753-090e8f1af6cc',23040,'1','sample.xls',NULL),('999d252a-39ed-4340-b03d-11cae2b9a253',23040,'1','sample.xls',NULL),('e1a7f310-6573-4ec5-866c-5999927906d8',81818,'1','sample.pdf',NULL),('491db858-0fe6-47f6-8bd5-d90598cc2eb2',23040,'1','sample.xls',NULL),('798fd8b5-1061-415a-a6c4-76781313ff7b',81818,'1','sample.pdf',NULL),('bba38e1e-70b9-4b1c-b207-60748eb2034e',81818,'1','sample.pdf',NULL),('c0725535-96ae-4414-9204-f1493d36b926',23040,'1','sample.xls',NULL),('560d2a74-1a4b-428b-add9-eb1a4ebe29df',81818,'1','sample.pdf',NULL),('44ddc9ba-d0af-45e8-9738-739e67371015',23040,'1','sample.xls',NULL),('fa7fe347-66fc-4a40-8fa9-6c42c9b009ce',81818,'1','sample.pdf',NULL),('b06e1e1e-a3fc-4a9b-aa95-d14168d49593',23040,'1','sample.xls',NULL),('http://localhost:8080/sead-wf/entity/56466',81818,'1','sample.pdf',NULL),('http://localhost:8080/sead-wf/entity/56465',23040,'1','sample.xls',NULL),('http://localhost:8080/sead-wf/entity/57474',23040,'1','sample.xls',NULL),('http://localhost:8080/sead-wf/entity/57475',81818,'1','sample.pdf',NULL),('http://localhost:8080/sead-wf/entity/58483',23040,'1','sample.xls',NULL),('http://localhost:8080/sead-wf/entity/58484',81818,'1','sample.pdf',NULL),('http://localhost:8080/sead-wf/entity/59493',81818,'1','sample.pdf',NULL),('http://localhost:8080/sead-wf/entity/59492',23040,'1','sample.xls',NULL),('http://localhost:8080/sead-wf/entity/60501',23040,'1','sample.xls',NULL),('http://localhost:8080/sead-wf/entity/60502',81818,'1','sample.pdf',NULL),('http://localhost:8080/sead-wf/entity/61510',23040,'1','sample.xls',NULL),('http://localhost:8080/sead-wf/entity/61511',81818,'1','sample.pdf',NULL),('http://localhost:8080/sead-wf/entity/62519',23040,'1','sample.xls',NULL),('http://localhost:8080/sead-wf/entity/62520',81818,'1','sample.pdf',NULL),('http://localhost:8080/sead-wf/entity/63528',23040,'1','sample.xls',NULL),('http://localhost:8080/sead-wf/entity/63529',81818,'1','sample.pdf',NULL),('http://localhost:8080/sead-wf/entity/64538',81818,'1','sample.pdf',NULL),('http://localhost:8080/sead-wf/entity/64537',23040,'1','sample.xls',NULL),('http://localhost:8080/sead-wf/entity/65546',23040,'1','sample.xls',NULL),('http://localhost:8080/sead-wf/entity/65547',81818,'1','sample.pdf',NULL),('http://localhost:8080/sead-wf/entity/66555',23040,'1','sample.xls',NULL),('http://localhost:8080/sead-wf/entity/66556',81818,'1','sample.pdf',NULL),('http://localhost:8080/sead-wf/entity/67564',23040,'1','sample.xls',NULL),('http://localhost:8080/sead-wf/entity/67565',81818,'1','sample.pdf',NULL),('http://localhost:8080/sead-wf/entity/68573',23040,'1','sample.xls',NULL),('http://localhost:8080/sead-wf/entity/68574',81818,'1','sample.pdf',NULL),('http://localhost:8080/sead-wf/entity/68583',81818,'1','sample.pdf',NULL),('http://localhost:8080/sead-wf/entity/68582',23040,'1','sample.xls',NULL),('http://localhost:8080/sead-wf/entity/68592',81818,'1','sample.pdf',NULL),('http://localhost:8080/sead-wf/entity/68591',23040,'1','sample.xls',NULL),('http://localhost:8080/sead-wf/entity/69629',23040,'1','sample.xls',NULL),('http://localhost:8080/sead-wf/entity/69630',81818,'1','sample.pdf',NULL),('http://localhost:8080/sead-wf/entity/69639',81818,'1','sample.pdf',NULL),('http://localhost:8080/sead-wf/entity/69638',23040,'1','sample.xls',NULL),('http://localhost:8080/sead-wf/entity/69647',23040,'1','sample.xls',NULL),('http://localhost:8080/sead-wf/entity/69648',81818,'1','sample.pdf',NULL),('http://localhost:8080/sead-wf/entity/72674',23040,'1','sample.xls',NULL),('http://localhost:8080/sead-wf/entity/72675',81818,'1','sample.pdf',NULL),('http://localhost:8080/sead-wf/entity/72683',23040,'1','sample.xls',NULL),('http://localhost:8080/sead-wf/entity/72684',81818,'1','sample.pdf',NULL),('http://localhost:8080/sead-wf/entity/73692',23040,'1','sample.xls',NULL),('http://localhost:8080/sead-wf/entity/73693',81818,'1','sample.pdf',NULL),('http://localhost:8080/sead-wf/entity/73702',81818,'1','sample.pdf',NULL),('http://localhost:8080/sead-wf/entity/73701',23040,'1','sample.xls',NULL),('http://localhost:8080/sead-wf/entity/73711',81818,'1','sample.pdf',NULL),('http://localhost:8080/sead-wf/entity/73710',23040,'1','sample.xls',NULL),('http://localhost:8080/sead-wf/entity/74720',81818,'1','sample.pdf',NULL),('http://localhost:8080/sead-wf/entity/74719',23040,'1','sample.xls',NULL),('http://localhost:8080/sead-wf/entity/74728',23040,'1','sample.xls',NULL),('http://localhost:8080/sead-wf/entity/74729',81818,'1','sample.pdf',NULL),('http://localhost:8080/sead-wf/entity/74737',23040,'1','sample.xls',NULL),('http://localhost:8080/sead-wf/entity/74738',81818,'1','sample.pdf',NULL),('http://localhost:8080/sead-wf/entity/75746',23040,'1','sample.xls',NULL),('http://localhost:8080/sead-wf/entity/75747',81818,'1','sample.pdf',NULL),('http://localhost:8080/sead-wf/entity/75756',81818,'1','sample.pdf',NULL),('http://localhost:8080/sead-wf/entity/75755',23040,'1','sample.xls',NULL),('http://localhost:8080/sead-wf/entity/75765',81818,'1','sample.pdf',NULL),('http://localhost:8080/sead-wf/entity/75764',23040,'1','sample.xls',NULL),('http://localhost:8080/sead-wf/entity/76774',81818,'1','sample.pdf',NULL),('http://localhost:8080/sead-wf/entity/76773',23040,'1','sample.xls',NULL),('http://localhost:8080/sead-wf/entity/77782',23040,'1','sample.xls',NULL),('http://localhost:8080/sead-wf/entity/77783',81818,'1','sample.pdf',NULL),('http://localhost:8080/sead-wf/entity/77792',81818,'1','sample.pdf',NULL),('http://localhost:8080/sead-wf/entity/77791',23040,'1','sample.xls',NULL),('http://localhost:8080/sead-wf/entity/78801',81818,'1','sample.pdf',NULL),('http://localhost:8080/sead-wf/entity/78800',23040,'1','sample.xls',NULL),('http://localhost:8080/sead-wf/entity/79809',23040,'1','sample.xls',NULL),('http://localhost:8080/sead-wf/entity/79810',81818,'1','sample.pdf',NULL),('http://localhost:8080/sead-wf/entity/80819',81818,'1','sample.pdf',NULL),('http://localhost:8080/sead-wf/entity/80818',23040,'1','sample.xls',NULL),('http://localhost:8080/sead-wf/entity/81828',81818,'1','sample.pdf',NULL),('http://localhost:8080/sead-wf/entity/81827',23040,'1','sample.xls',NULL),('http://localhost:8080/sead-wf/entity/82837',81818,'1','sample.pdf',NULL),('http://localhost:8080/sead-wf/entity/82836',23040,'1','sample.xls',NULL),('http://localhost:8080/sead-wf/entity/82845',23040,'1','sample.xls',NULL),('http://localhost:8080/sead-wf/entity/82846',81818,'1','sample.pdf',NULL),('http://localhost:8080/sead-wf/entity/83854',23040,'1','sample.xls',NULL),('http://localhost:8080/sead-wf/entity/83855',81818,'1','sample.pdf',NULL),('http://localhost:8080/sead-wf/entity/84863',23040,'1','sample.xls',NULL),('http://localhost:8080/sead-wf/entity/84864',81818,'1','sample.pdf',NULL),('http://localhost:8080/sead-wf/entity/85873',81818,'1','sample.pdf',NULL),('http://localhost:8080/sead-wf/entity/85872',23040,'1','sample.xls',NULL),('http://localhost:8080/sead-wf/entity/86882',81818,'1','sample.pdf',NULL),('http://localhost:8080/sead-wf/entity/86881',23040,'1','sample.xls',NULL),('http://localhost:8080/sead-wf/entity/87890',23040,'1','sample.xls',NULL),('http://localhost:8080/sead-wf/entity/87891',81818,'1','sample.pdf',NULL),('http://localhost:8080/sead-wf/entity/88914',23040,'1','sample.xls',NULL),('http://localhost:8080/sead-wf/entity/88915',81818,'1','sample.pdf',NULL),('http://localhost:8080/sead-wf/entity/88924',81818,'1','sample.pdf',NULL),('http://localhost:8080/sead-wf/entity/88923',23040,'1','sample.xls',NULL),('http://localhost:8080/sead-wf/entity/88932',23040,'1','sample.xls',NULL),('http://localhost:8080/sead-wf/entity/88933',81818,'1','sample.pdf',NULL),('http://localhost:8080/sead-wf/entity/88942',81818,'1','sample.pdf',NULL),('http://localhost:8080/sead-wf/entity/88941',23040,'1','sample.xls',NULL),('http://localhost:8080/sead-wf/entity/88951',81818,'1','sample.pdf',NULL),('http://localhost:8080/sead-wf/entity/88950',23040,'1','sample.xls',NULL),('http://localhost:8080/sead-wf/entity/88959',23040,'1','sample.xls',NULL),('http://localhost:8080/sead-wf/entity/88960',81818,'1','sample.pdf',NULL),('http://localhost:8080/sead-wf/entity/88969',81818,'1','sample.pdf',NULL),('http://localhost:8080/sead-wf/entity/88968',23040,'1','sample.xls',NULL),('http://localhost:8080/sead-wf/entity/88980',23040,'1','mdpi_40000000000012.md5',NULL),('http://localhost:8080/sead-wf/entity/88978',518,'1','mdpi_40000000000012.xml',NULL),('http://localhost:8080/sead-wf/entity/88977',1073741824,'1','mdpi_40000000000012_01_pres.mov',NULL),('http://localhost:8080/sead-wf/entity/88979',1158,'1','VAC7927.xml',NULL),('http://localhost:8080/sead-wf/entity/88990',23040,'1','sample.xls',NULL),('http://localhost:8080/sead-wf/entity/88991',81818,'1','sample.pdf',NULL),('http://localhost:8080/sead-wf/entity/89000',81818,'1','sample.pdf',NULL),('http://localhost:8080/sead-wf/entity/88999',23040,'1','sample.xls',NULL),('http://localhost:8080/sead-wf/entity/89009',81818,'1','sample.pdf',NULL),('http://localhost:8080/sead-wf/entity/89008',23040,'1','sample.xls',NULL),('http://localhost:8080/sead-wf/entity/89017',1073741824,'1','mdpi_40000000000012_01_pres.mov',NULL),('http://localhost:8080/sead-wf/entity/89020',23040,'1','mdpi_40000000000012.md5',NULL),('http://localhost:8080/sead-wf/entity/89018',518,'1','mdpi_40000000000012.xml',NULL),('http://localhost:8080/sead-wf/entity/89019',1158,'1','VAC7927.xml',NULL),('http://localhost:8080/sead-wf/entity/89030',1073741824,'1','mdpi_40000000000012_01_pres.mov',NULL),('http://localhost:8080/sead-wf/entity/89031',518,'1','mdpi_40000000000012.xml',NULL),('http://localhost:8080/sead-wf/entity/89032',1158,'1','VAC7927.xml',NULL),('http://localhost:8080/sead-wf/entity/89033',23040,'1','mdpi_40000000000012.md5',NULL),('http://localhost:8080/sead-wf/entity/89043',1073741824,'1','mdpi_40000000000012_01_pres.mov',NULL),('http://localhost:8080/sead-wf/entity/89045',1158,'1','VAC7927.xml',NULL),('http://localhost:8080/sead-wf/entity/89046',23040,'1','mdpi_40000000000012.md5',NULL),('http://localhost:8080/sead-wf/entity/89044',518,'1','mdpi_40000000000012.xml',NULL),('http://localhost:8080/sead-wf/entity/89056',23040,'1','sample.xls',NULL),('http://localhost:8080/sead-wf/entity/89057',81818,'1','sample.pdf',NULL),('http://localhost:8080/sead-wf/entity/89067',1158,'1','VAC7927.xml',NULL),('http://localhost:8080/sead-wf/entity/89065',1073741824,'1','mdpi_40000000000012_01_pres.mov',NULL),('http://localhost:8080/sead-wf/entity/89066',518,'1','mdpi_40000000000012.xml',NULL),('http://localhost:8080/sead-wf/entity/89068',23040,'1','mdpi_40000000000012.md5',NULL),('http://localhost:8080/sead-wf/entity/89081',23040,'1','mdpi_40000000000012.md5',NULL),('http://localhost:8080/sead-wf/entity/89080',1158,'1','VAC7927.xml',NULL),('http://localhost:8080/sead-wf/entity/89079',518,'1','mdpi_40000000000012.xml',NULL),('http://localhost:8080/sead-wf/entity/89078',1073741824,'1','mdpi_40000000000012_01_pres.mov',NULL),('http://localhost:8080/sead-wf/entity/89094',23040,'1','mdpi_40000000000012.md5',NULL),('http://localhost:8080/sead-wf/entity/89093',1158,'1','VAC7927.xml',NULL),('http://localhost:8080/sead-wf/entity/89092',518,'1','mdpi_40000000000012.xml',NULL),('http://localhost:8080/sead-wf/entity/89091',1073741824,'1','mdpi_40000000000012_01_pres.mov',NULL),('http://localhost:8080/sead-wf/entity/89107',23040,'1','mdpi_40000000000012.md5',NULL),('http://localhost:8080/sead-wf/entity/89106',1158,'1','VAC7927.xml',NULL),('http://localhost:8080/sead-wf/entity/89104',1073741824,'1','mdpi_40000000000012_01_pres.mov',NULL),('http://localhost:8080/sead-wf/entity/89105',518,'1','mdpi_40000000000012.xml',NULL),('http://localhost:8080/sead-wf/entity/89117',1073741824,'1','mdpi_40000000000012_01_pres.mov',NULL),('http://localhost:8080/sead-wf/entity/89119',1158,'1','VAC7927.xml',NULL),('http://localhost:8080/sead-wf/entity/89120',23040,'1','mdpi_40000000000012.md5',NULL),('http://localhost:8080/sead-wf/entity/89118',518,'1','mdpi_40000000000012.xml',NULL),('http://localhost:8080/sead-wf/entity/89131',518,'1','mdpi_40000000000012.xml',NULL),('http://localhost:8080/sead-wf/entity/89132',1158,'1','VAC7927.xml',NULL),('http://localhost:8080/sead-wf/entity/89133',23040,'1','mdpi_40000000000012.md5',NULL),('http://localhost:8080/sead-wf/entity/89130',5368709120,'1','mdpi_40000000000012_01_pres.mov',NULL),('http://localhost:8080/sead-wf/entity/89146',23040,'1','mdpi_40000000000012.md5',NULL),('http://localhost:8080/sead-wf/entity/89145',1158,'1','VAC7927.xml',NULL),('http://localhost:8080/sead-wf/entity/89143',5368709120,'1','mdpi_40000000000012_01_pres.mov',NULL),('http://localhost:8080/sead-wf/entity/89144',518,'1','mdpi_40000000000012.xml',NULL),('http://localhost:8080/sead-wf/entity/1006',23040,'1','sample.xls',NULL),('http://localhost:8080/sead-wf/entity/1016',81818,'1','sample.pdf',NULL),('http://localhost:8080/sead-wf/entity/1015',23040,'1','sample.xls',NULL),('http://localhost:8080/sead-wf/entity/1007',81818,'1','sample.pdf',NULL),('http://localhost:8080/sead-wf/entity/1024',3221225473,'1','mdpi_40000000000012_01_access_3gb.mpg',NULL),('http://localhost:8080/sead-wf/entity/1031',3221225473,'1','mdpi_40000000000012_01_access_3gb.mpg',NULL),('http://localhost:8080/sead-wf/entity/1038',3221225473,'1','mdpi_40000000000012_01_access_3gb.mpg',NULL),('http://localhost:8080/sead-wf/entity/1045',3221225473,'1','mdpi_40000000000012_01_access_3gb.mpg',NULL),('http://localhost:8080/sead-wf/entity/1052',3221225473,'1','mdpi_40000000000012_01_access_3gb.mpg',NULL),('http://localhost:8080/sead-wf/entity/1069',518,'1','mdpi_40000000000012.xml',NULL),('http://localhost:8080/sead-wf/entity/1068',2015416320,'1','mdpi_40000000000012_01_pres.mov',NULL),('http://localhost:8080/sead-wf/entity/1070',1158,'1','VAC7927.xml',NULL),('http://localhost:8080/sead-wf/entity/1071',23040,'1','mdpi_40000000000012.md5',NULL),('http://localhost:8080/sead-wf/entity/1083',1158,'1','VAC7927.xml',NULL),('http://localhost:8080/sead-wf/entity/1082',518,'1','mdpi_40000000000012.xml',NULL),('http://localhost:8080/sead-wf/entity/1084',23040,'1','mdpi_40000000000012.md5',NULL),('http://localhost:8080/sead-wf/entity/1081',2015416320,'1','mdpi_40000000000012_01_pres.mov',NULL),('http://localhost:8080/sead-wf/entity/1096',1158,'1','VAC7927.xml',NULL),('http://localhost:8080/sead-wf/entity/1095',518,'1','mdpi_40000000000012.xml',NULL),('http://localhost:8080/sead-wf/entity/1097',23040,'1','mdpi_40000000000012.md5',NULL),('http://localhost:8080/sead-wf/entity/1094',2015416320,'1','mdpi_40000000000012_01_pres.mov',NULL);
/*!40000 ALTER TABLE `file` ENABLE KEYS */;
UNLOCK TABLES;

--
-- Table structure for table `fixity`
--

DROP TABLE IF EXISTS `fixity`;
/*!40101 SET @saved_cs_client     = @@character_set_client */;
/*!40101 SET character_set_client = utf8 */;
CREATE TABLE `fixity` (
  `entity_id` varchar(127) NOT NULL,
  `type` varchar(127) NOT NULL DEFAULT '',
  `valueStr` varchar(127) NOT NULL,
  PRIMARY KEY (`entity_id`,`type`)
) ENGINE=MyISAM DEFAULT CHARSET=latin1;
/*!40101 SET character_set_client = @saved_cs_client */;

--
-- Dumping data for table `fixity`
--

LOCK TABLES `fixity` WRITE;
/*!40000 ALTER TABLE `fixity` DISABLE KEYS */;
INSERT INTO `fixity` VALUES ('http://localhost:8080/sead-wf/entity/21232','SHA-1','8b6288de3e8aaa3b04ddf1951788ff9b30acd28b'),('http://localhost:8080/sead-wf/entity/21232','MD5','9bcd359440e754b1f7908b98fbd412dc'),('http://localhost:8080/sead-wf/entity/21231','SHA-1','472cd023c6baf31633d938c14a7eb4887468e686'),('http://localhost:8080/sead-wf/entity/21231','MD5','874bbe326c970a6033e1917aa3c39e4b'),('0b5cd705-682c-4b23-b08e-d198d9fbfbe3','SHA-1','8b6288de3e8aaa3b04ddf1951788ff9b30acd28b'),('0b5cd705-682c-4b23-b08e-d198d9fbfbe3','MD5','9bcd359440e754b1f7908b98fbd412dc'),('92ce6f04-b50e-4f79-b8cc-c67eda2d9366','SHA-1','472cd023c6baf31633d938c14a7eb4887468e686'),('92ce6f04-b50e-4f79-b8cc-c67eda2d9366','MD5','874bbe326c970a6033e1917aa3c39e4b'),('e8ea4176-612f-40f1-b66c-c1f4ca0a2ced','SHA-1','8b6288de3e8aaa3b04ddf1951788ff9b30acd28b'),('e8ea4176-612f-40f1-b66c-c1f4ca0a2ced','MD5','9bcd359440e754b1f7908b98fbd412dc'),('97098fad-34b2-462c-90c0-51e2661a0373','SHA-1','472cd023c6baf31633d938c14a7eb4887468e686'),('97098fad-34b2-462c-90c0-51e2661a0373','MD5','874bbe326c970a6033e1917aa3c39e4b'),('46358b29-e910-4d17-a2d9-e42e81f2a8bc','SHA-1','472cd023c6baf31633d938c14a7eb4887468e686'),('46358b29-e910-4d17-a2d9-e42e81f2a8bc','MD5','874bbe326c970a6033e1917aa3c39e4b'),('e00b44ac-7621-4128-a195-0dbf8407ae00','SHA-1','8b6288de3e8aaa3b04ddf1951788ff9b30acd28b'),('e00b44ac-7621-4128-a195-0dbf8407ae00','MD5','9bcd359440e754b1f7908b98fbd412dc'),('0d80c1ef-cdc9-4a89-a499-d98663910cc7','SHA-1','8b6288de3e8aaa3b04ddf1951788ff9b30acd28b'),('0d80c1ef-cdc9-4a89-a499-d98663910cc7','MD5','9bcd359440e754b1f7908b98fbd412dc'),('c27e22c9-0347-4721-9aba-e00f3cf3846e','SHA-1','472cd023c6baf31633d938c14a7eb4887468e686'),('c27e22c9-0347-4721-9aba-e00f3cf3846e','MD5','874bbe326c970a6033e1917aa3c39e4b'),('5ea378b7-c564-4bb9-8a8d-5d8c4a9db564','SHA-1','8b6288de3e8aaa3b04ddf1951788ff9b30acd28b'),('5ea378b7-c564-4bb9-8a8d-5d8c4a9db564','MD5','9bcd359440e754b1f7908b98fbd412dc'),('e3606396-5dc2-4136-8bed-edd0f762aa93','SHA-1','472cd023c6baf31633d938c14a7eb4887468e686'),('e3606396-5dc2-4136-8bed-edd0f762aa93','MD5','874bbe326c970a6033e1917aa3c39e4b'),('2458be72-c4e1-4966-a135-0b7f6a1d48c4','SHA-1','8b6288de3e8aaa3b04ddf1951788ff9b30acd28b'),('2458be72-c4e1-4966-a135-0b7f6a1d48c4','MD5','9bcd359440e754b1f7908b98fbd412dc'),('0079f343-0b49-462c-ba36-455292040379','SHA-1','472cd023c6baf31633d938c14a7eb4887468e686'),('0079f343-0b49-462c-ba36-455292040379','MD5','874bbe326c970a6033e1917aa3c39e4b'),('70537a48-6fdc-4e37-aed0-763e948cb2d4','SHA-1','8b6288de3e8aaa3b04ddf1951788ff9b30acd28b'),('70537a48-6fdc-4e37-aed0-763e948cb2d4','MD5','9bcd359440e754b1f7908b98fbd412dc'),('40bd3d9a-309a-479a-af81-04577a9fd396','SHA-1','472cd023c6baf31633d938c14a7eb4887468e686'),('40bd3d9a-309a-479a-af81-04577a9fd396','MD5','874bbe326c970a6033e1917aa3c39e4b'),('c123eeb5-6e3b-482c-946d-22ba90191954','SHA-1','8b6288de3e8aaa3b04ddf1951788ff9b30acd28b'),('c123eeb5-6e3b-482c-946d-22ba90191954','MD5','9bcd359440e754b1f7908b98fbd412dc'),('08ae5f3f-51cb-485a-8804-f523c835ba00','SHA-1','472cd023c6baf31633d938c14a7eb4887468e686'),('08ae5f3f-51cb-485a-8804-f523c835ba00','MD5','874bbe326c970a6033e1917aa3c39e4b'),('7bce88cf-9ab7-418f-b789-c6a41d781e4a','SHA-1','8b6288de3e8aaa3b04ddf1951788ff9b30acd28b'),('7bce88cf-9ab7-418f-b789-c6a41d781e4a','MD5','9bcd359440e754b1f7908b98fbd412dc'),('84c64477-cdc3-4756-affd-2a7fa699bc39','SHA-1','472cd023c6baf31633d938c14a7eb4887468e686'),('84c64477-cdc3-4756-affd-2a7fa699bc39','MD5','874bbe326c970a6033e1917aa3c39e4b'),('7a10a478-ef78-4bcf-a9de-07a3331a2353','SHA-1','8b6288de3e8aaa3b04ddf1951788ff9b30acd28b'),('7a10a478-ef78-4bcf-a9de-07a3331a2353','MD5','9bcd359440e754b1f7908b98fbd412dc'),('d27d12b5-40c3-449d-87cc-9f7d7a64e1d7','SHA-1','472cd023c6baf31633d938c14a7eb4887468e686'),('d27d12b5-40c3-449d-87cc-9f7d7a64e1d7','MD5','874bbe326c970a6033e1917aa3c39e4b'),('84ff5ead-d439-4a78-b022-bd18d3e81356','SHA-1','472cd023c6baf31633d938c14a7eb4887468e686'),('84ff5ead-d439-4a78-b022-bd18d3e81356','MD5','874bbe326c970a6033e1917aa3c39e4b'),('6b598dd9-d974-42c4-b2e4-8cffce6a5385','SHA-1','8b6288de3e8aaa3b04ddf1951788ff9b30acd28b'),('6b598dd9-d974-42c4-b2e4-8cffce6a5385','MD5','9bcd359440e754b1f7908b98fbd412dc'),('d624b35a-7e71-41d0-94c5-eb52674134d4','SHA-1','472cd023c6baf31633d938c14a7eb4887468e686'),('d624b35a-7e71-41d0-94c5-eb52674134d4','MD5','874bbe326c970a6033e1917aa3c39e4b'),('acaf8438-131e-455e-94d1-f404ae30fc00','SHA-1','8b6288de3e8aaa3b04ddf1951788ff9b30acd28b'),('acaf8438-131e-455e-94d1-f404ae30fc00','MD5','9bcd359440e754b1f7908b98fbd412dc'),('e74eab8d-07e7-4b08-a620-1e9d4648b9be','SHA-1','472cd023c6baf31633d938c14a7eb4887468e686'),('e74eab8d-07e7-4b08-a620-1e9d4648b9be','MD5','874bbe326c970a6033e1917aa3c39e4b'),('c0d46954-33b5-4a92-9624-840fe514aaa3','SHA-1','8b6288de3e8aaa3b04ddf1951788ff9b30acd28b'),('c0d46954-33b5-4a92-9624-840fe514aaa3','MD5','9bcd359440e754b1f7908b98fbd412dc'),('1f106c02-a448-4740-99cd-e68f3e95e9eb','SHA-1','8b6288de3e8aaa3b04ddf1951788ff9b30acd28b'),('1f106c02-a448-4740-99cd-e68f3e95e9eb','MD5','9bcd359440e754b1f7908b98fbd412dc'),('1efb0211-65e2-4c96-9753-090e8f1af6cc','SHA-1','472cd023c6baf31633d938c14a7eb4887468e686'),('1efb0211-65e2-4c96-9753-090e8f1af6cc','MD5','874bbe326c970a6033e1917aa3c39e4b'),('999d252a-39ed-4340-b03d-11cae2b9a253','SHA-1','472cd023c6baf31633d938c14a7eb4887468e686'),('999d252a-39ed-4340-b03d-11cae2b9a253','MD5','874bbe326c970a6033e1917aa3c39e4b'),('e1a7f310-6573-4ec5-866c-5999927906d8','SHA-1','8b6288de3e8aaa3b04ddf1951788ff9b30acd28b'),('e1a7f310-6573-4ec5-866c-5999927906d8','MD5','9bcd359440e754b1f7908b98fbd412dc'),('491db858-0fe6-47f6-8bd5-d90598cc2eb2','SHA-1','472cd023c6baf31633d938c14a7eb4887468e686'),('491db858-0fe6-47f6-8bd5-d90598cc2eb2','MD5','874bbe326c970a6033e1917aa3c39e4b'),('798fd8b5-1061-415a-a6c4-76781313ff7b','SHA-1','8b6288de3e8aaa3b04ddf1951788ff9b30acd28b'),('798fd8b5-1061-415a-a6c4-76781313ff7b','MD5','9bcd359440e754b1f7908b98fbd412dc'),('bba38e1e-70b9-4b1c-b207-60748eb2034e','SHA-1','8b6288de3e8aaa3b04ddf1951788ff9b30acd28b'),('bba38e1e-70b9-4b1c-b207-60748eb2034e','MD5','9bcd359440e754b1f7908b98fbd412dc'),('c0725535-96ae-4414-9204-f1493d36b926','SHA-1','472cd023c6baf31633d938c14a7eb4887468e686'),('c0725535-96ae-4414-9204-f1493d36b926','MD5','874bbe326c970a6033e1917aa3c39e4b'),('560d2a74-1a4b-428b-add9-eb1a4ebe29df','SHA-1','8b6288de3e8aaa3b04ddf1951788ff9b30acd28b'),('560d2a74-1a4b-428b-add9-eb1a4ebe29df','MD5','9bcd359440e754b1f7908b98fbd412dc'),('44ddc9ba-d0af-45e8-9738-739e67371015','SHA-1','472cd023c6baf31633d938c14a7eb4887468e686'),('44ddc9ba-d0af-45e8-9738-739e67371015','MD5','874bbe326c970a6033e1917aa3c39e4b'),('fa7fe347-66fc-4a40-8fa9-6c42c9b009ce','SHA-1','8b6288de3e8aaa3b04ddf1951788ff9b30acd28b'),('fa7fe347-66fc-4a40-8fa9-6c42c9b009ce','MD5','9bcd359440e754b1f7908b98fbd412dc'),('b06e1e1e-a3fc-4a9b-aa95-d14168d49593','SHA-1','472cd023c6baf31633d938c14a7eb4887468e686'),('b06e1e1e-a3fc-4a9b-aa95-d14168d49593','MD5','874bbe326c970a6033e1917aa3c39e4b'),('http://localhost:8080/sead-wf/entity/56466','SHA-1','8b6288de3e8aaa3b04ddf1951788ff9b30acd28b'),('http://localhost:8080/sead-wf/entity/56466','MD5','9bcd359440e754b1f7908b98fbd412dc'),('http://localhost:8080/sead-wf/entity/56465','SHA-1','472cd023c6baf31633d938c14a7eb4887468e686'),('http://localhost:8080/sead-wf/entity/56465','MD5','874bbe326c970a6033e1917aa3c39e4b'),('http://localhost:8080/sead-wf/entity/57474','SHA-1','472cd023c6baf31633d938c14a7eb4887468e686'),('http://localhost:8080/sead-wf/entity/57474','MD5','874bbe326c970a6033e1917aa3c39e4b'),('http://localhost:8080/sead-wf/entity/57475','SHA-1','8b6288de3e8aaa3b04ddf1951788ff9b30acd28b'),('http://localhost:8080/sead-wf/entity/57475','MD5','9bcd359440e754b1f7908b98fbd412dc'),('http://localhost:8080/sead-wf/entity/58483','SHA-1','472cd023c6baf31633d938c14a7eb4887468e686'),('http://localhost:8080/sead-wf/entity/58483','MD5','874bbe326c970a6033e1917aa3c39e4b'),('http://localhost:8080/sead-wf/entity/58484','SHA-1','8b6288de3e8aaa3b04ddf1951788ff9b30acd28b'),('http://localhost:8080/sead-wf/entity/58484','MD5','9bcd359440e754b1f7908b98fbd412dc'),('http://localhost:8080/sead-wf/entity/59493','SHA-1','8b6288de3e8aaa3b04ddf1951788ff9b30acd28b'),('http://localhost:8080/sead-wf/entity/59493','MD5','9bcd359440e754b1f7908b98fbd412dc'),('http://localhost:8080/sead-wf/entity/59492','SHA-1','472cd023c6baf31633d938c14a7eb4887468e686'),('http://localhost:8080/sead-wf/entity/59492','MD5','874bbe326c970a6033e1917aa3c39e4b'),('http://localhost:8080/sead-wf/entity/60501','SHA-1','472cd023c6baf31633d938c14a7eb4887468e686'),('http://localhost:8080/sead-wf/entity/60501','MD5','874bbe326c970a6033e1917aa3c39e4b'),('http://localhost:8080/sead-wf/entity/60502','SHA-1','8b6288de3e8aaa3b04ddf1951788ff9b30acd28b'),('http://localhost:8080/sead-wf/entity/60502','MD5','9bcd359440e754b1f7908b98fbd412dc'),('http://localhost:8080/sead-wf/entity/61510','SHA-1','472cd023c6baf31633d938c14a7eb4887468e686'),('http://localhost:8080/sead-wf/entity/61510','MD5','874bbe326c970a6033e1917aa3c39e4b'),('http://localhost:8080/sead-wf/entity/61511','SHA-1','8b6288de3e8aaa3b04ddf1951788ff9b30acd28b'),('http://localhost:8080/sead-wf/entity/61511','MD5','9bcd359440e754b1f7908b98fbd412dc'),('http://localhost:8080/sead-wf/entity/62519','SHA-1','472cd023c6baf31633d938c14a7eb4887468e686'),('http://localhost:8080/sead-wf/entity/62519','MD5','874bbe326c970a6033e1917aa3c39e4b'),('http://localhost:8080/sead-wf/entity/62520','SHA-1','8b6288de3e8aaa3b04ddf1951788ff9b30acd28b'),('http://localhost:8080/sead-wf/entity/62520','MD5','9bcd359440e754b1f7908b98fbd412dc'),('http://localhost:8080/sead-wf/entity/63528','SHA-1','472cd023c6baf31633d938c14a7eb4887468e686'),('http://localhost:8080/sead-wf/entity/63528','MD5','874bbe326c970a6033e1917aa3c39e4b'),('http://localhost:8080/sead-wf/entity/63529','SHA-1','8b6288de3e8aaa3b04ddf1951788ff9b30acd28b'),('http://localhost:8080/sead-wf/entity/63529','MD5','9bcd359440e754b1f7908b98fbd412dc'),('http://localhost:8080/sead-wf/entity/64538','SHA-1','8b6288de3e8aaa3b04ddf1951788ff9b30acd28b'),('http://localhost:8080/sead-wf/entity/64538','MD5','9bcd359440e754b1f7908b98fbd412dc'),('http://localhost:8080/sead-wf/entity/64537','SHA-1','472cd023c6baf31633d938c14a7eb4887468e686'),('http://localhost:8080/sead-wf/entity/64537','MD5','874bbe326c970a6033e1917aa3c39e4b'),('http://localhost:8080/sead-wf/entity/65546','SHA-1','472cd023c6baf31633d938c14a7eb4887468e686'),('http://localhost:8080/sead-wf/entity/65546','MD5','874bbe326c970a6033e1917aa3c39e4b'),('http://localhost:8080/sead-wf/entity/65547','SHA-1','8b6288de3e8aaa3b04ddf1951788ff9b30acd28b'),('http://localhost:8080/sead-wf/entity/65547','MD5','9bcd359440e754b1f7908b98fbd412dc'),('http://localhost:8080/sead-wf/entity/66555','SHA-1','472cd023c6baf31633d938c14a7eb4887468e686'),('http://localhost:8080/sead-wf/entity/66555','MD5','874bbe326c970a6033e1917aa3c39e4b'),('http://localhost:8080/sead-wf/entity/66556','SHA-1','8b6288de3e8aaa3b04ddf1951788ff9b30acd28b'),('http://localhost:8080/sead-wf/entity/66556','MD5','9bcd359440e754b1f7908b98fbd412dc'),('http://localhost:8080/sead-wf/entity/67564','SHA-1','472cd023c6baf31633d938c14a7eb4887468e686'),('http://localhost:8080/sead-wf/entity/67564','MD5','874bbe326c970a6033e1917aa3c39e4b'),('http://localhost:8080/sead-wf/entity/67565','SHA-1','8b6288de3e8aaa3b04ddf1951788ff9b30acd28b'),('http://localhost:8080/sead-wf/entity/67565','MD5','9bcd359440e754b1f7908b98fbd412dc'),('http://localhost:8080/sead-wf/entity/68573','SHA-1','472cd023c6baf31633d938c14a7eb4887468e686'),('http://localhost:8080/sead-wf/entity/68573','MD5','874bbe326c970a6033e1917aa3c39e4b'),('http://localhost:8080/sead-wf/entity/68574','SHA-1','8b6288de3e8aaa3b04ddf1951788ff9b30acd28b'),('http://localhost:8080/sead-wf/entity/68574','MD5','9bcd359440e754b1f7908b98fbd412dc'),('http://localhost:8080/sead-wf/entity/68583','SHA-1','8b6288de3e8aaa3b04ddf1951788ff9b30acd28b'),('http://localhost:8080/sead-wf/entity/68583','MD5','9bcd359440e754b1f7908b98fbd412dc'),('http://localhost:8080/sead-wf/entity/68582','SHA-1','472cd023c6baf31633d938c14a7eb4887468e686'),('http://localhost:8080/sead-wf/entity/68582','MD5','874bbe326c970a6033e1917aa3c39e4b'),('http://localhost:8080/sead-wf/entity/68592','SHA-1','8b6288de3e8aaa3b04ddf1951788ff9b30acd28b'),('http://localhost:8080/sead-wf/entity/68592','MD5','9bcd359440e754b1f7908b98fbd412dc'),('http://localhost:8080/sead-wf/entity/68591','SHA-1','472cd023c6baf31633d938c14a7eb4887468e686'),('http://localhost:8080/sead-wf/entity/68591','MD5','874bbe326c970a6033e1917aa3c39e4b'),('http://localhost:8080/sead-wf/entity/69629','SHA-1','472cd023c6baf31633d938c14a7eb4887468e686'),('http://localhost:8080/sead-wf/entity/69629','MD5','874bbe326c970a6033e1917aa3c39e4b'),('http://localhost:8080/sead-wf/entity/69630','SHA-1','8b6288de3e8aaa3b04ddf1951788ff9b30acd28b'),('http://localhost:8080/sead-wf/entity/69630','MD5','9bcd359440e754b1f7908b98fbd412dc'),('http://localhost:8080/sead-wf/entity/69639','SHA-1','8b6288de3e8aaa3b04ddf1951788ff9b30acd28b'),('http://localhost:8080/sead-wf/entity/69639','MD5','9bcd359440e754b1f7908b98fbd412dc'),('http://localhost:8080/sead-wf/entity/69638','SHA-1','472cd023c6baf31633d938c14a7eb4887468e686'),('http://localhost:8080/sead-wf/entity/69638','MD5','874bbe326c970a6033e1917aa3c39e4b'),('http://localhost:8080/sead-wf/entity/69647','SHA-1','472cd023c6baf31633d938c14a7eb4887468e686'),('http://localhost:8080/sead-wf/entity/69647','MD5','874bbe326c970a6033e1917aa3c39e4b'),('http://localhost:8080/sead-wf/entity/69648','SHA-1','8b6288de3e8aaa3b04ddf1951788ff9b30acd28b'),('http://localhost:8080/sead-wf/entity/69648','MD5','9bcd359440e754b1f7908b98fbd412dc'),('http://localhost:8080/sead-wf/entity/72674','SHA-1','472cd023c6baf31633d938c14a7eb4887468e686'),('http://localhost:8080/sead-wf/entity/72674','MD5','874bbe326c970a6033e1917aa3c39e4b'),('http://localhost:8080/sead-wf/entity/72675','SHA-1','8b6288de3e8aaa3b04ddf1951788ff9b30acd28b'),('http://localhost:8080/sead-wf/entity/72675','MD5','9bcd359440e754b1f7908b98fbd412dc'),('http://localhost:8080/sead-wf/entity/72683','SHA-1','472cd023c6baf31633d938c14a7eb4887468e686'),('http://localhost:8080/sead-wf/entity/72683','MD5','874bbe326c970a6033e1917aa3c39e4b'),('http://localhost:8080/sead-wf/entity/72684','SHA-1','8b6288de3e8aaa3b04ddf1951788ff9b30acd28b'),('http://localhost:8080/sead-wf/entity/72684','MD5','9bcd359440e754b1f7908b98fbd412dc'),('http://localhost:8080/sead-wf/entity/73692','SHA-1','472cd023c6baf31633d938c14a7eb4887468e686'),('http://localhost:8080/sead-wf/entity/73692','MD5','874bbe326c970a6033e1917aa3c39e4b'),('http://localhost:8080/sead-wf/entity/73693','SHA-1','8b6288de3e8aaa3b04ddf1951788ff9b30acd28b'),('http://localhost:8080/sead-wf/entity/73693','MD5','9bcd359440e754b1f7908b98fbd412dc'),('http://localhost:8080/sead-wf/entity/73702','SHA-1','8b6288de3e8aaa3b04ddf1951788ff9b30acd28b'),('http://localhost:8080/sead-wf/entity/73702','MD5','9bcd359440e754b1f7908b98fbd412dc'),('http://localhost:8080/sead-wf/entity/73701','SHA-1','472cd023c6baf31633d938c14a7eb4887468e686'),('http://localhost:8080/sead-wf/entity/73701','MD5','874bbe326c970a6033e1917aa3c39e4b'),('http://localhost:8080/sead-wf/entity/73711','SHA-1','8b6288de3e8aaa3b04ddf1951788ff9b30acd28b'),('http://localhost:8080/sead-wf/entity/73711','MD5','9bcd359440e754b1f7908b98fbd412dc'),('http://localhost:8080/sead-wf/entity/73710','SHA-1','472cd023c6baf31633d938c14a7eb4887468e686'),('http://localhost:8080/sead-wf/entity/73710','MD5','874bbe326c970a6033e1917aa3c39e4b'),('http://localhost:8080/sead-wf/entity/74720','SHA-1','8b6288de3e8aaa3b04ddf1951788ff9b30acd28b'),('http://localhost:8080/sead-wf/entity/74720','MD5','9bcd359440e754b1f7908b98fbd412dc'),('http://localhost:8080/sead-wf/entity/74719','SHA-1','472cd023c6baf31633d938c14a7eb4887468e686'),('http://localhost:8080/sead-wf/entity/74719','MD5','874bbe326c970a6033e1917aa3c39e4b'),('http://localhost:8080/sead-wf/entity/74728','SHA-1','472cd023c6baf31633d938c14a7eb4887468e686'),('http://localhost:8080/sead-wf/entity/74728','MD5','874bbe326c970a6033e1917aa3c39e4b'),('http://localhost:8080/sead-wf/entity/74729','SHA-1','8b6288de3e8aaa3b04ddf1951788ff9b30acd28b'),('http://localhost:8080/sead-wf/entity/74729','MD5','9bcd359440e754b1f7908b98fbd412dc'),('http://localhost:8080/sead-wf/entity/74737','SHA-1','472cd023c6baf31633d938c14a7eb4887468e686'),('http://localhost:8080/sead-wf/entity/74737','MD5','874bbe326c970a6033e1917aa3c39e4b'),('http://localhost:8080/sead-wf/entity/74738','SHA-1','8b6288de3e8aaa3b04ddf1951788ff9b30acd28b'),('http://localhost:8080/sead-wf/entity/74738','MD5','9bcd359440e754b1f7908b98fbd412dc'),('http://localhost:8080/sead-wf/entity/75746','SHA-1','472cd023c6baf31633d938c14a7eb4887468e686'),('http://localhost:8080/sead-wf/entity/75746','MD5','874bbe326c970a6033e1917aa3c39e4b'),('http://localhost:8080/sead-wf/entity/75747','SHA-1','8b6288de3e8aaa3b04ddf1951788ff9b30acd28b'),('http://localhost:8080/sead-wf/entity/75747','MD5','9bcd359440e754b1f7908b98fbd412dc'),('http://localhost:8080/sead-wf/entity/75756','SHA-1','8b6288de3e8aaa3b04ddf1951788ff9b30acd28b'),('http://localhost:8080/sead-wf/entity/75756','MD5','9bcd359440e754b1f7908b98fbd412dc'),('http://localhost:8080/sead-wf/entity/75755','SHA-1','472cd023c6baf31633d938c14a7eb4887468e686'),('http://localhost:8080/sead-wf/entity/75755','MD5','874bbe326c970a6033e1917aa3c39e4b'),('http://localhost:8080/sead-wf/entity/75765','SHA-1','8b6288de3e8aaa3b04ddf1951788ff9b30acd28b'),('http://localhost:8080/sead-wf/entity/75765','MD5','9bcd359440e754b1f7908b98fbd412dc'),('http://localhost:8080/sead-wf/entity/75764','SHA-1','472cd023c6baf31633d938c14a7eb4887468e686'),('http://localhost:8080/sead-wf/entity/75764','MD5','874bbe326c970a6033e1917aa3c39e4b'),('http://localhost:8080/sead-wf/entity/76774','SHA-1','8b6288de3e8aaa3b04ddf1951788ff9b30acd28b'),('http://localhost:8080/sead-wf/entity/76774','MD5','9bcd359440e754b1f7908b98fbd412dc'),('http://localhost:8080/sead-wf/entity/76773','SHA-1','472cd023c6baf31633d938c14a7eb4887468e686'),('http://localhost:8080/sead-wf/entity/76773','MD5','874bbe326c970a6033e1917aa3c39e4b'),('http://localhost:8080/sead-wf/entity/77782','SHA-1','472cd023c6baf31633d938c14a7eb4887468e686'),('http://localhost:8080/sead-wf/entity/77782','MD5','874bbe326c970a6033e1917aa3c39e4b'),('http://localhost:8080/sead-wf/entity/77783','SHA-1','8b6288de3e8aaa3b04ddf1951788ff9b30acd28b'),('http://localhost:8080/sead-wf/entity/77783','MD5','9bcd359440e754b1f7908b98fbd412dc'),('http://localhost:8080/sead-wf/entity/77792','SHA-1','8b6288de3e8aaa3b04ddf1951788ff9b30acd28b'),('http://localhost:8080/sead-wf/entity/77792','MD5','9bcd359440e754b1f7908b98fbd412dc'),('http://localhost:8080/sead-wf/entity/77791','SHA-1','472cd023c6baf31633d938c14a7eb4887468e686'),('http://localhost:8080/sead-wf/entity/77791','MD5','874bbe326c970a6033e1917aa3c39e4b'),('http://localhost:8080/sead-wf/entity/78801','SHA-1','8b6288de3e8aaa3b04ddf1951788ff9b30acd28b'),('http://localhost:8080/sead-wf/entity/78801','MD5','9bcd359440e754b1f7908b98fbd412dc'),('http://localhost:8080/sead-wf/entity/78800','SHA-1','472cd023c6baf31633d938c14a7eb4887468e686'),('http://localhost:8080/sead-wf/entity/78800','MD5','874bbe326c970a6033e1917aa3c39e4b'),('http://localhost:8080/sead-wf/entity/79809','SHA-1','472cd023c6baf31633d938c14a7eb4887468e686'),('http://localhost:8080/sead-wf/entity/79809','MD5','874bbe326c970a6033e1917aa3c39e4b'),('http://localhost:8080/sead-wf/entity/79810','SHA-1','8b6288de3e8aaa3b04ddf1951788ff9b30acd28b'),('http://localhost:8080/sead-wf/entity/79810','MD5','9bcd359440e754b1f7908b98fbd412dc'),('http://localhost:8080/sead-wf/entity/80819','SHA-1','8b6288de3e8aaa3b04ddf1951788ff9b30acd28b'),('http://localhost:8080/sead-wf/entity/80819','MD5','9bcd359440e754b1f7908b98fbd412dc'),('http://localhost:8080/sead-wf/entity/80818','SHA-1','472cd023c6baf31633d938c14a7eb4887468e686'),('http://localhost:8080/sead-wf/entity/80818','MD5','874bbe326c970a6033e1917aa3c39e4b'),('http://localhost:8080/sead-wf/entity/81828','SHA-1','8b6288de3e8aaa3b04ddf1951788ff9b30acd28b'),('http://localhost:8080/sead-wf/entity/81828','MD5','9bcd359440e754b1f7908b98fbd412dc'),('http://localhost:8080/sead-wf/entity/81827','SHA-1','472cd023c6baf31633d938c14a7eb4887468e686'),('http://localhost:8080/sead-wf/entity/81827','MD5','874bbe326c970a6033e1917aa3c39e4b'),('http://localhost:8080/sead-wf/entity/82837','SHA-1','8b6288de3e8aaa3b04ddf1951788ff9b30acd28b'),('http://localhost:8080/sead-wf/entity/82837','MD5','9bcd359440e754b1f7908b98fbd412dc'),('http://localhost:8080/sead-wf/entity/82836','SHA-1','472cd023c6baf31633d938c14a7eb4887468e686'),('http://localhost:8080/sead-wf/entity/82836','MD5','874bbe326c970a6033e1917aa3c39e4b'),('http://localhost:8080/sead-wf/entity/82845','SHA-1','472cd023c6baf31633d938c14a7eb4887468e686'),('http://localhost:8080/sead-wf/entity/82845','MD5','874bbe326c970a6033e1917aa3c39e4b'),('http://localhost:8080/sead-wf/entity/82846','SHA-1','8b6288de3e8aaa3b04ddf1951788ff9b30acd28b'),('http://localhost:8080/sead-wf/entity/82846','MD5','9bcd359440e754b1f7908b98fbd412dc'),('http://localhost:8080/sead-wf/entity/83854','SHA-1','472cd023c6baf31633d938c14a7eb4887468e686'),('http://localhost:8080/sead-wf/entity/83854','MD5','874bbe326c970a6033e1917aa3c39e4b'),('http://localhost:8080/sead-wf/entity/83855','SHA-1','8b6288de3e8aaa3b04ddf1951788ff9b30acd28b'),('http://localhost:8080/sead-wf/entity/83855','MD5','9bcd359440e754b1f7908b98fbd412dc'),('http://localhost:8080/sead-wf/entity/84863','SHA-1','472cd023c6baf31633d938c14a7eb4887468e686'),('http://localhost:8080/sead-wf/entity/84863','MD5','874bbe326c970a6033e1917aa3c39e4b'),('http://localhost:8080/sead-wf/entity/84864','SHA-1','8b6288de3e8aaa3b04ddf1951788ff9b30acd28b'),('http://localhost:8080/sead-wf/entity/84864','MD5','9bcd359440e754b1f7908b98fbd412dc'),('http://localhost:8080/sead-wf/entity/85873','SHA-1','8b6288de3e8aaa3b04ddf1951788ff9b30acd28b'),('http://localhost:8080/sead-wf/entity/85873','MD5','9bcd359440e754b1f7908b98fbd412dc'),('http://localhost:8080/sead-wf/entity/85872','SHA-1','472cd023c6baf31633d938c14a7eb4887468e686'),('http://localhost:8080/sead-wf/entity/85872','MD5','874bbe326c970a6033e1917aa3c39e4b'),('http://localhost:8080/sead-wf/entity/86882','SHA-1','8b6288de3e8aaa3b04ddf1951788ff9b30acd28b'),('http://localhost:8080/sead-wf/entity/86882','MD5','9bcd359440e754b1f7908b98fbd412dc'),('http://localhost:8080/sead-wf/entity/86881','SHA-1','472cd023c6baf31633d938c14a7eb4887468e686'),('http://localhost:8080/sead-wf/entity/86881','MD5','874bbe326c970a6033e1917aa3c39e4b'),('http://localhost:8080/sead-wf/entity/87890','SHA-1','472cd023c6baf31633d938c14a7eb4887468e686'),('http://localhost:8080/sead-wf/entity/87890','MD5','874bbe326c970a6033e1917aa3c39e4b'),('http://localhost:8080/sead-wf/entity/87891','SHA-1','8b6288de3e8aaa3b04ddf1951788ff9b30acd28b'),('http://localhost:8080/sead-wf/entity/87891','MD5','9bcd359440e754b1f7908b98fbd412dc'),('http://localhost:8080/sead-wf/entity/88914','SHA-1','472cd023c6baf31633d938c14a7eb4887468e686'),('http://localhost:8080/sead-wf/entity/88914','MD5','874bbe326c970a6033e1917aa3c39e4b'),('http://localhost:8080/sead-wf/entity/88915','SHA-1','8b6288de3e8aaa3b04ddf1951788ff9b30acd28b'),('http://localhost:8080/sead-wf/entity/88915','MD5','9bcd359440e754b1f7908b98fbd412dc'),('http://localhost:8080/sead-wf/entity/88924','SHA-1','8b6288de3e8aaa3b04ddf1951788ff9b30acd28b'),('http://localhost:8080/sead-wf/entity/88924','MD5','9bcd359440e754b1f7908b98fbd412dc'),('http://localhost:8080/sead-wf/entity/88923','SHA-1','472cd023c6baf31633d938c14a7eb4887468e686'),('http://localhost:8080/sead-wf/entity/88923','MD5','874bbe326c970a6033e1917aa3c39e4b'),('http://localhost:8080/sead-wf/entity/88932','SHA-1','472cd023c6baf31633d938c14a7eb4887468e686'),('http://localhost:8080/sead-wf/entity/88932','MD5','874bbe326c970a6033e1917aa3c39e4b'),('http://localhost:8080/sead-wf/entity/88933','SHA-1','8b6288de3e8aaa3b04ddf1951788ff9b30acd28b'),('http://localhost:8080/sead-wf/entity/88933','MD5','9bcd359440e754b1f7908b98fbd412dc'),('http://localhost:8080/sead-wf/entity/88942','SHA-1','8b6288de3e8aaa3b04ddf1951788ff9b30acd28b'),('http://localhost:8080/sead-wf/entity/88942','MD5','9bcd359440e754b1f7908b98fbd412dc'),('http://localhost:8080/sead-wf/entity/88941','SHA-1','472cd023c6baf31633d938c14a7eb4887468e686'),('http://localhost:8080/sead-wf/entity/88941','MD5','874bbe326c970a6033e1917aa3c39e4b'),('http://localhost:8080/sead-wf/entity/88951','SHA-1','8b6288de3e8aaa3b04ddf1951788ff9b30acd28b'),('http://localhost:8080/sead-wf/entity/88951','MD5','9bcd359440e754b1f7908b98fbd412dc'),('http://localhost:8080/sead-wf/entity/88950','SHA-1','472cd023c6baf31633d938c14a7eb4887468e686'),('http://localhost:8080/sead-wf/entity/88950','MD5','874bbe326c970a6033e1917aa3c39e4b'),('http://localhost:8080/sead-wf/entity/88959','SHA-1','472cd023c6baf31633d938c14a7eb4887468e686'),('http://localhost:8080/sead-wf/entity/88959','MD5','874bbe326c970a6033e1917aa3c39e4b'),('http://localhost:8080/sead-wf/entity/88960','SHA-1','8b6288de3e8aaa3b04ddf1951788ff9b30acd28b'),('http://localhost:8080/sead-wf/entity/88960','MD5','9bcd359440e754b1f7908b98fbd412dc'),('http://localhost:8080/sead-wf/entity/88969','SHA-1','8b6288de3e8aaa3b04ddf1951788ff9b30acd28b'),('http://localhost:8080/sead-wf/entity/88969','MD5','9bcd359440e754b1f7908b98fbd412dc'),('http://localhost:8080/sead-wf/entity/88968','SHA-1','472cd023c6baf31633d938c14a7eb4887468e686'),('http://localhost:8080/sead-wf/entity/88968','MD5','874bbe326c970a6033e1917aa3c39e4b'),('http://localhost:8080/sead-wf/entity/88980','SHA-1','ecf35b9ce4ec93bc3c22eef2b8455ed9fac21aca'),('http://localhost:8080/sead-wf/entity/88980','MD5','574ede3e109b23e73121c50db7ab47d5'),('http://localhost:8080/sead-wf/entity/88978','SHA-1','25f30d853347d8cc19842696eb7d8f7c6b9d30bf'),('http://localhost:8080/sead-wf/entity/88978','MD5','3747b689301b253c57941f1cf397ff00'),('http://localhost:8080/sead-wf/entity/88977','SHA-1','355e51c79bbb083673f468246c5b4d4f949500ee'),('http://localhost:8080/sead-wf/entity/88977','MD5','5a782b3b51dd0eb9c1b44ecf9b9c436f'),('http://localhost:8080/sead-wf/entity/88979','SHA-1','87ddbf7b21a3ef9ad190fd2a0488990e4f947ebf'),('http://localhost:8080/sead-wf/entity/88979','MD5','4c7031d065c7a8cf7141a83c20ae5219'),('http://localhost:8080/sead-wf/entity/88990','SHA-1','472cd023c6baf31633d938c14a7eb4887468e686'),('http://localhost:8080/sead-wf/entity/88990','MD5','874bbe326c970a6033e1917aa3c39e4b'),('http://localhost:8080/sead-wf/entity/88991','SHA-1','8b6288de3e8aaa3b04ddf1951788ff9b30acd28b'),('http://localhost:8080/sead-wf/entity/88991','MD5','9bcd359440e754b1f7908b98fbd412dc'),('http://localhost:8080/sead-wf/entity/89000','SHA-1','8b6288de3e8aaa3b04ddf1951788ff9b30acd28b'),('http://localhost:8080/sead-wf/entity/89000','MD5','9bcd359440e754b1f7908b98fbd412dc'),('http://localhost:8080/sead-wf/entity/88999','SHA-1','472cd023c6baf31633d938c14a7eb4887468e686'),('http://localhost:8080/sead-wf/entity/88999','MD5','874bbe326c970a6033e1917aa3c39e4b'),('http://localhost:8080/sead-wf/entity/89009','SHA-1','8b6288de3e8aaa3b04ddf1951788ff9b30acd28b'),('http://localhost:8080/sead-wf/entity/89009','MD5','9bcd359440e754b1f7908b98fbd412dc'),('http://localhost:8080/sead-wf/entity/89008','SHA-1','472cd023c6baf31633d938c14a7eb4887468e686'),('http://localhost:8080/sead-wf/entity/89008','MD5','874bbe326c970a6033e1917aa3c39e4b'),('http://localhost:8080/sead-wf/entity/89017','SHA-1','355e51c79bbb083673f468246c5b4d4f949500ee'),('http://localhost:8080/sead-wf/entity/89017','MD5','5a782b3b51dd0eb9c1b44ecf9b9c436f'),('http://localhost:8080/sead-wf/entity/89020','SHA-1','ecf35b9ce4ec93bc3c22eef2b8455ed9fac21aca'),('http://localhost:8080/sead-wf/entity/89020','MD5','574ede3e109b23e73121c50db7ab47d5'),('http://localhost:8080/sead-wf/entity/89018','SHA-1','25f30d853347d8cc19842696eb7d8f7c6b9d30bf'),('http://localhost:8080/sead-wf/entity/89018','MD5','3747b689301b253c57941f1cf397ff00'),('http://localhost:8080/sead-wf/entity/89019','SHA-1','87ddbf7b21a3ef9ad190fd2a0488990e4f947ebf'),('http://localhost:8080/sead-wf/entity/89019','MD5','4c7031d065c7a8cf7141a83c20ae5219'),('http://localhost:8080/sead-wf/entity/89030','SHA-1','355e51c79bbb083673f468246c5b4d4f949500ee'),('http://localhost:8080/sead-wf/entity/89030','MD5','5a782b3b51dd0eb9c1b44ecf9b9c436f'),('http://localhost:8080/sead-wf/entity/89031','SHA-1','25f30d853347d8cc19842696eb7d8f7c6b9d30bf'),('http://localhost:8080/sead-wf/entity/89031','MD5','3747b689301b253c57941f1cf397ff00'),('http://localhost:8080/sead-wf/entity/89032','SHA-1','87ddbf7b21a3ef9ad190fd2a0488990e4f947ebf'),('http://localhost:8080/sead-wf/entity/89032','MD5','4c7031d065c7a8cf7141a83c20ae5219'),('http://localhost:8080/sead-wf/entity/89033','SHA-1','ecf35b9ce4ec93bc3c22eef2b8455ed9fac21aca'),('http://localhost:8080/sead-wf/entity/89033','MD5','574ede3e109b23e73121c50db7ab47d5'),('http://localhost:8080/sead-wf/entity/89043','SHA-1','355e51c79bbb083673f468246c5b4d4f949500ee'),('http://localhost:8080/sead-wf/entity/89043','MD5','5a782b3b51dd0eb9c1b44ecf9b9c436f'),('http://localhost:8080/sead-wf/entity/89045','SHA-1','87ddbf7b21a3ef9ad190fd2a0488990e4f947ebf'),('http://localhost:8080/sead-wf/entity/89045','MD5','4c7031d065c7a8cf7141a83c20ae5219'),('http://localhost:8080/sead-wf/entity/89046','SHA-1','ecf35b9ce4ec93bc3c22eef2b8455ed9fac21aca'),('http://localhost:8080/sead-wf/entity/89046','MD5','574ede3e109b23e73121c50db7ab47d5'),('http://localhost:8080/sead-wf/entity/89044','SHA-1','25f30d853347d8cc19842696eb7d8f7c6b9d30bf'),('http://localhost:8080/sead-wf/entity/89044','MD5','3747b689301b253c57941f1cf397ff00'),('http://localhost:8080/sead-wf/entity/89056','SHA-1','472cd023c6baf31633d938c14a7eb4887468e686'),('http://localhost:8080/sead-wf/entity/89056','MD5','874bbe326c970a6033e1917aa3c39e4b'),('http://localhost:8080/sead-wf/entity/89057','SHA-1','8b6288de3e8aaa3b04ddf1951788ff9b30acd28b'),('http://localhost:8080/sead-wf/entity/89057','MD5','9bcd359440e754b1f7908b98fbd412dc'),('http://localhost:8080/sead-wf/entity/89067','SHA-1','87ddbf7b21a3ef9ad190fd2a0488990e4f947ebf'),('http://localhost:8080/sead-wf/entity/89067','MD5','4c7031d065c7a8cf7141a83c20ae5219'),('http://localhost:8080/sead-wf/entity/89065','SHA-1','355e51c79bbb083673f468246c5b4d4f949500ee'),('http://localhost:8080/sead-wf/entity/89065','MD5','5a782b3b51dd0eb9c1b44ecf9b9c436f'),('http://localhost:8080/sead-wf/entity/89066','SHA-1','25f30d853347d8cc19842696eb7d8f7c6b9d30bf'),('http://localhost:8080/sead-wf/entity/89066','MD5','3747b689301b253c57941f1cf397ff00'),('http://localhost:8080/sead-wf/entity/89068','SHA-1','ecf35b9ce4ec93bc3c22eef2b8455ed9fac21aca'),('http://localhost:8080/sead-wf/entity/89068','MD5','574ede3e109b23e73121c50db7ab47d5'),('http://localhost:8080/sead-wf/entity/89081','SHA-1','ecf35b9ce4ec93bc3c22eef2b8455ed9fac21aca'),('http://localhost:8080/sead-wf/entity/89081','MD5','574ede3e109b23e73121c50db7ab47d5'),('http://localhost:8080/sead-wf/entity/89080','SHA-1','87ddbf7b21a3ef9ad190fd2a0488990e4f947ebf'),('http://localhost:8080/sead-wf/entity/89080','MD5','4c7031d065c7a8cf7141a83c20ae5219'),('http://localhost:8080/sead-wf/entity/89079','SHA-1','25f30d853347d8cc19842696eb7d8f7c6b9d30bf'),('http://localhost:8080/sead-wf/entity/89079','MD5','3747b689301b253c57941f1cf397ff00'),('http://localhost:8080/sead-wf/entity/89078','SHA-1','355e51c79bbb083673f468246c5b4d4f949500ee'),('http://localhost:8080/sead-wf/entity/89078','MD5','5a782b3b51dd0eb9c1b44ecf9b9c436f'),('http://localhost:8080/sead-wf/entity/89094','SHA-1','ecf35b9ce4ec93bc3c22eef2b8455ed9fac21aca'),('http://localhost:8080/sead-wf/entity/89094','MD5','574ede3e109b23e73121c50db7ab47d5'),('http://localhost:8080/sead-wf/entity/89093','SHA-1','87ddbf7b21a3ef9ad190fd2a0488990e4f947ebf'),('http://localhost:8080/sead-wf/entity/89093','MD5','4c7031d065c7a8cf7141a83c20ae5219'),('http://localhost:8080/sead-wf/entity/89092','SHA-1','25f30d853347d8cc19842696eb7d8f7c6b9d30bf'),('http://localhost:8080/sead-wf/entity/89092','MD5','3747b689301b253c57941f1cf397ff00'),('http://localhost:8080/sead-wf/entity/89091','SHA-1','355e51c79bbb083673f468246c5b4d4f949500ee'),('http://localhost:8080/sead-wf/entity/89091','MD5','5a782b3b51dd0eb9c1b44ecf9b9c436f'),('http://localhost:8080/sead-wf/entity/89107','SHA-1','ecf35b9ce4ec93bc3c22eef2b8455ed9fac21aca'),('http://localhost:8080/sead-wf/entity/89107','MD5','574ede3e109b23e73121c50db7ab47d5'),('http://localhost:8080/sead-wf/entity/89106','SHA-1','87ddbf7b21a3ef9ad190fd2a0488990e4f947ebf'),('http://localhost:8080/sead-wf/entity/89106','MD5','4c7031d065c7a8cf7141a83c20ae5219'),('http://localhost:8080/sead-wf/entity/89104','SHA-1','355e51c79bbb083673f468246c5b4d4f949500ee'),('http://localhost:8080/sead-wf/entity/89104','MD5','5a782b3b51dd0eb9c1b44ecf9b9c436f'),('http://localhost:8080/sead-wf/entity/89105','SHA-1','25f30d853347d8cc19842696eb7d8f7c6b9d30bf'),('http://localhost:8080/sead-wf/entity/89105','MD5','3747b689301b253c57941f1cf397ff00'),('http://localhost:8080/sead-wf/entity/89117','SHA-1','355e51c79bbb083673f468246c5b4d4f949500ee'),('http://localhost:8080/sead-wf/entity/89117','MD5','5a782b3b51dd0eb9c1b44ecf9b9c436f'),('http://localhost:8080/sead-wf/entity/89119','SHA-1','87ddbf7b21a3ef9ad190fd2a0488990e4f947ebf'),('http://localhost:8080/sead-wf/entity/89119','MD5','4c7031d065c7a8cf7141a83c20ae5219'),('http://localhost:8080/sead-wf/entity/89120','SHA-1','ecf35b9ce4ec93bc3c22eef2b8455ed9fac21aca'),('http://localhost:8080/sead-wf/entity/89120','MD5','574ede3e109b23e73121c50db7ab47d5'),('http://localhost:8080/sead-wf/entity/89118','SHA-1','25f30d853347d8cc19842696eb7d8f7c6b9d30bf'),('http://localhost:8080/sead-wf/entity/89118','MD5','3747b689301b253c57941f1cf397ff00'),('http://localhost:8080/sead-wf/entity/89131','SHA-1','25f30d853347d8cc19842696eb7d8f7c6b9d30bf'),('http://localhost:8080/sead-wf/entity/89131','MD5','3747b689301b253c57941f1cf397ff00'),('http://localhost:8080/sead-wf/entity/89132','SHA-1','87ddbf7b21a3ef9ad190fd2a0488990e4f947ebf'),('http://localhost:8080/sead-wf/entity/89132','MD5','4c7031d065c7a8cf7141a83c20ae5219'),('http://localhost:8080/sead-wf/entity/89133','SHA-1','ecf35b9ce4ec93bc3c22eef2b8455ed9fac21aca'),('http://localhost:8080/sead-wf/entity/89133','MD5','574ede3e109b23e73121c50db7ab47d5'),('http://localhost:8080/sead-wf/entity/89130','SHA-1','1b72684452c50bba32e89f200703fb5bceea37c7'),('http://localhost:8080/sead-wf/entity/89130','MD5','f57953c9a2c8b141f110c863861ffda9'),('http://localhost:8080/sead-wf/entity/89146','SHA-1','ecf35b9ce4ec93bc3c22eef2b8455ed9fac21aca'),('http://localhost:8080/sead-wf/entity/89146','MD5','574ede3e109b23e73121c50db7ab47d5'),('http://localhost:8080/sead-wf/entity/89145','SHA-1','87ddbf7b21a3ef9ad190fd2a0488990e4f947ebf'),('http://localhost:8080/sead-wf/entity/89145','MD5','4c7031d065c7a8cf7141a83c20ae5219'),('http://localhost:8080/sead-wf/entity/89143','SHA-1','1b72684452c50bba32e89f200703fb5bceea37c7'),('http://localhost:8080/sead-wf/entity/89143','MD5','f57953c9a2c8b141f110c863861ffda9'),('http://localhost:8080/sead-wf/entity/89144','SHA-1','25f30d853347d8cc19842696eb7d8f7c6b9d30bf'),('http://localhost:8080/sead-wf/entity/89144','MD5','3747b689301b253c57941f1cf397ff00'),('http://localhost:8080/sead-wf/entity/1016','SHA-1','8b6288de3e8aaa3b04ddf1951788ff9b30acd28b'),('http://localhost:8080/sead-wf/entity/1006','SHA-1','472cd023c6baf31633d938c14a7eb4887468e686'),('http://localhost:8080/sead-wf/entity/1016','MD5','9bcd359440e754b1f7908b98fbd412dc'),('http://localhost:8080/sead-wf/entity/1006','MD5','874bbe326c970a6033e1917aa3c39e4b'),('http://localhost:8080/sead-wf/entity/1015','SHA-1','472cd023c6baf31633d938c14a7eb4887468e686'),('http://localhost:8080/sead-wf/entity/1015','MD5','874bbe326c970a6033e1917aa3c39e4b'),('http://localhost:8080/sead-wf/entity/1007','SHA-1','8b6288de3e8aaa3b04ddf1951788ff9b30acd28b'),('http://localhost:8080/sead-wf/entity/1007','MD5','9bcd359440e754b1f7908b98fbd412dc'),('http://localhost:8080/sead-wf/entity/1024','SHA-1','1e805232e27f12010e3ce680daf18b3d08ee80e4'),('http://localhost:8080/sead-wf/entity/1024','MD5','6137935080ad670e8b1d72f35f40abd1'),('http://localhost:8080/sead-wf/entity/1031','SHA-1','1e805232e27f12010e3ce680daf18b3d08ee80e4'),('http://localhost:8080/sead-wf/entity/1031','MD5','6137935080ad670e8b1d72f35f40abd1'),('http://localhost:8080/sead-wf/entity/1038','SHA-1','1e805232e27f12010e3ce680daf18b3d08ee80e4'),('http://localhost:8080/sead-wf/entity/1038','MD5','6137935080ad670e8b1d72f35f40abd1'),('http://localhost:8080/sead-wf/entity/1045','SHA-1','1e805232e27f12010e3ce680daf18b3d08ee80e4'),('http://localhost:8080/sead-wf/entity/1045','MD5','6137935080ad670e8b1d72f35f40abd1'),('http://localhost:8080/sead-wf/entity/1052','SHA-1','1e805232e27f12010e3ce680daf18b3d08ee80e4'),('http://localhost:8080/sead-wf/entity/1052','MD5','6137935080ad670e8b1d72f35f40abd1'),('http://localhost:8080/sead-wf/entity/1069','SHA-1','25f30d853347d8cc19842696eb7d8f7c6b9d30bf'),('http://localhost:8080/sead-wf/entity/1069','MD5','3747b689301b253c57941f1cf397ff00'),('http://localhost:8080/sead-wf/entity/1068','SHA-1','1b72684452c50bba32e89f200703fb5bceea37c7'),('http://localhost:8080/sead-wf/entity/1068','MD5','f57953c9a2c8b141f110c863861ffda9'),('http://localhost:8080/sead-wf/entity/1070','SHA-1','87ddbf7b21a3ef9ad190fd2a0488990e4f947ebf'),('http://localhost:8080/sead-wf/entity/1070','MD5','4c7031d065c7a8cf7141a83c20ae5219'),('http://localhost:8080/sead-wf/entity/1071','SHA-1','ecf35b9ce4ec93bc3c22eef2b8455ed9fac21aca'),('http://localhost:8080/sead-wf/entity/1071','MD5','574ede3e109b23e73121c50db7ab47d5'),('http://localhost:8080/sead-wf/entity/1083','SHA-1','87ddbf7b21a3ef9ad190fd2a0488990e4f947ebf'),('http://localhost:8080/sead-wf/entity/1083','MD5','4c7031d065c7a8cf7141a83c20ae5219'),('http://localhost:8080/sead-wf/entity/1082','SHA-1','25f30d853347d8cc19842696eb7d8f7c6b9d30bf'),('http://localhost:8080/sead-wf/entity/1082','MD5','3747b689301b253c57941f1cf397ff00'),('http://localhost:8080/sead-wf/entity/1084','SHA-1','ecf35b9ce4ec93bc3c22eef2b8455ed9fac21aca'),('http://localhost:8080/sead-wf/entity/1084','MD5','574ede3e109b23e73121c50db7ab47d5'),('http://localhost:8080/sead-wf/entity/1081','SHA-1','1b72684452c50bba32e89f200703fb5bceea37c7'),('http://localhost:8080/sead-wf/entity/1081','MD5','f57953c9a2c8b141f110c863861ffda9'),('http://localhost:8080/sead-wf/entity/1096','SHA-1','87ddbf7b21a3ef9ad190fd2a0488990e4f947ebf'),('http://localhost:8080/sead-wf/entity/1096','MD5','4c7031d065c7a8cf7141a83c20ae5219'),('http://localhost:8080/sead-wf/entity/1095','SHA-1','25f30d853347d8cc19842696eb7d8f7c6b9d30bf'),('http://localhost:8080/sead-wf/entity/1095','MD5','3747b689301b253c57941f1cf397ff00'),('http://localhost:8080/sead-wf/entity/1097','SHA-1','ecf35b9ce4ec93bc3c22eef2b8455ed9fac21aca'),('http://localhost:8080/sead-wf/entity/1097','MD5','574ede3e109b23e73121c50db7ab47d5'),('http://localhost:8080/sead-wf/entity/1094','SHA-1','1b72684452c50bba32e89f200703fb5bceea37c7'),('http://localhost:8080/sead-wf/entity/1094','MD5','f57953c9a2c8b141f110c863861ffda9');
/*!40000 ALTER TABLE `fixity` ENABLE KEYS */;
UNLOCK TABLES;

--
-- Table structure for table `format`
--

DROP TABLE IF EXISTS `format`;
/*!40101 SET @saved_cs_client     = @@character_set_client */;
/*!40101 SET character_set_client = utf8 */;
CREATE TABLE `format` (
  `format_id` bigint(20) NOT NULL AUTO_INCREMENT,
  `entity_id` varchar(127) NOT NULL,
  `type` varchar(127) DEFAULT NULL,
  `valueStr` varchar(127) NOT NULL,
  PRIMARY KEY (`format_id`),
  KEY `entity_id` (`entity_id`)
) ENGINE=MyISAM DEFAULT CHARSET=latin1;
/*!40101 SET character_set_client = @saved_cs_client */;

--
-- Dumping data for table `format`
--

LOCK TABLES `format` WRITE;
/*!40000 ALTER TABLE `format` DISABLE KEYS */;
/*!40000 ALTER TABLE `format` ENABLE KEYS */;
UNLOCK TABLES;

--
-- Table structure for table `metadata_reference`
--

DROP TABLE IF EXISTS `metadata_reference`;
/*!40101 SET @saved_cs_client     = @@character_set_client */;
/*!40101 SET character_set_client = utf8 */;
CREATE TABLE `metadata_reference` (
  `metadata_ref_id` bigint(20) NOT NULL AUTO_INCREMENT,
  `subject_entity_id` varchar(127) NOT NULL,
  `metadata_id` varchar(127) NOT NULL,
  `object_entity_id` varchar(127) NOT NULL,
  PRIMARY KEY (`metadata_ref_id`),
  KEY `subject_entity_id` (`subject_entity_id`),
  KEY `metadata_id` (`metadata_id`),
  KEY `object_entity_id` (`object_entity_id`)
) ENGINE=MyISAM DEFAULT CHARSET=latin1;
/*!40101 SET character_set_client = @saved_cs_client */;

--
-- Dumping data for table `metadata_reference`
--

LOCK TABLES `metadata_reference` WRITE;
/*!40000 ALTER TABLE `metadata_reference` DISABLE KEYS */;
/*!40000 ALTER TABLE `metadata_reference` ENABLE KEYS */;
UNLOCK TABLES;

--
-- Table structure for table `metadata_type`
--

DROP TABLE IF EXISTS `metadata_type`;
/*!40101 SET @saved_cs_client     = @@character_set_client */;
/*!40101 SET character_set_client = utf8 */;
CREATE TABLE `metadata_type` (
  `metadata_id` varchar(127) NOT NULL,
  `metadata_schema` varchar(256) NOT NULL,
  `metadata_element` varchar(256) NOT NULL,
  PRIMARY KEY (`metadata_id`)
) ENGINE=MyISAM DEFAULT CHARSET=latin1;
/*!40101 SET character_set_client = @saved_cs_client */;

--
-- Dumping data for table `metadata_type`
--

LOCK TABLES `metadata_type` WRITE;
/*!40000 ALTER TABLE `metadata_type` DISABLE KEYS */;
INSERT INTO `metadata_type` VALUES ('md:1','http://purl.org/dc/terms/','title'),('md:2','http://purl.org/dc/terms/','creator'),('md:3','http://purl.org/dc/terms/','identifier'),('md:4','http://purl.org/dc/terms/','hasPart'),('md:5','http://purl.org/dc/elements/1.1/','format'),('md:6','http://purl.org/dc/terms/','SizeOrDuration'),('md:7','http://purl.org/dc/terms/','issued'),('md:8','http://purl.org/dc/terms/','mediator'),('md:9','http://purl.org/dc/terms/','Location'),('md:10','http://purl.org/dc/terms/','abstract'),('md:11','http://purl.org/dc/terms/','source'),('md:12','http://www.loc.gov/METS/','FLocat'),('md:13','http://www.w3.org/ns/prov#','wasRevisionOf'),('md:14','http://purl.org/dc/terms/','type'),('md:15','','MsgStatus'),('md:16','','TarFileLocation'),('md:17','','CorrelationID');
/*!40000 ALTER TABLE `metadata_type` ENABLE KEYS */;
UNLOCK TABLES;

--
-- Table structure for table `profile_type`
--

DROP TABLE IF EXISTS `profile_type`;
/*!40101 SET @saved_cs_client     = @@character_set_client */;
/*!40101 SET character_set_client = utf8 */;
CREATE TABLE `profile_type` (
  `profile_type_id` varchar(127) NOT NULL,
  `profile_type_name` varchar(127) NOT NULL,
  `profile_type_schema` varchar(256) NOT NULL,
  PRIMARY KEY (`profile_type_id`)
) ENGINE=MyISAM DEFAULT CHARSET=latin1;
/*!40101 SET character_set_client = @saved_cs_client */;

--
-- Dumping data for table `profile_type`
--

LOCK TABLES `profile_type` WRITE;
/*!40000 ALTER TABLE `profile_type` DISABLE KEYS */;
/*!40000 ALTER TABLE `profile_type` ENABLE KEYS */;
UNLOCK TABLES;

--
-- Table structure for table `property`
--

DROP TABLE IF EXISTS `property`;
/*!40101 SET @saved_cs_client     = @@character_set_client */;
/*!40101 SET character_set_client = utf8 */;
CREATE TABLE `property` (
  `property_id` bigint(20) NOT NULL AUTO_INCREMENT,
  `entity_id` varchar(127) NOT NULL,
  `metadata_id` varchar(127) NOT NULL,
  `valueStr` varchar(1023) NOT NULL,
  PRIMARY KEY (`property_id`),
  KEY `metadata_id` (`metadata_id`),
  KEY `entity_id` (`entity_id`)
) ENGINE=MyISAM AUTO_INCREMENT=402 DEFAULT CHARSET=latin1;
/*!40101 SET character_set_client = @saved_cs_client */;

--
-- Dumping data for table `property`
--

LOCK TABLES `property` WRITE;
/*!40000 ALTER TABLE `property` DISABLE KEYS */;
INSERT INTO `property` VALUES (1,'http://localhost:8080/sead-wf/entity/20201','md:10','Lorem ipsum dolor sit amet, consectetur adipisicing elit, sed do eiusmod tempor incididunt ut labore et dolore magna aliqua. Ut enim ad minim veniam, quis nostrud exercitation ullamco laboris nisi ut aliquip ex ea commodo consequat. Duis aute irure dolor in reprehenderit in voluptate velit esse cillum dolore eu fugiat nulla pariatur. Excepteur sint occaecat cupidatat non proident, sunt in culpa qui officia deserunt mollit anim id est laborum.'),(2,'http://localhost:8080/sead-wf/entity/20205','md:10','Lorem ipsum dolor sit amet, consectetur adipisicing elit, sed do eiusmod tempor incididunt ut labore et dolore magna aliqua. Ut enim ad minim veniam, quis nostrud exercitation ullamco laboris nisi ut aliquip ex ea commodo consequat. Duis aute irure dolor in reprehenderit in voluptate velit esse cillum dolore eu fugiat nulla pariatur. Excepteur sint occaecat cupidatat non proident, sunt in culpa qui officia deserunt mollit anim id est laborum.'),(3,'7a12226c-3254-46be-9767-fea7c6005028','md:16','${tar.filelocation}/IU-c63f90fc-5f0d-418a-819b-229b36493a8a.tar'),(4,'563d12f5-96ee-4a36-ab6b-80ea0451801c','md:16','${tar.filelocation}/IU-b6a5b4fd-db84-49f1-87ab-706a94b38268.tar'),(5,'8e8c2f51-6abd-4ad9-85a7-9ff21738ef8e','md:16','${tar.filelocation}/IU-1ef5816b-cefd-4222-8e6e-37fd873e24cd.tar'),(6,'8e8c2f51-6abd-4ad9-85a7-9ff21738ef8e','md:17','09160e71-818e-45f9-b927-b179739053e6'),(7,'8e8c2f51-6abd-4ad9-85a7-9ff21738ef8e','md:15','INIT_QUERY'),(8,'ebd5e592-ef89-4c09-80de-ee3a62db1ddc','md:16','${tar.filelocation}/IU-4a9e495a-2116-4016-b54c-563ef0440066.tar'),(9,'ebd5e592-ef89-4c09-80de-ee3a62db1ddc','md:15','INIT_QUERY'),(10,'ebd5e592-ef89-4c09-80de-ee3a62db1ddc','md:17','7a74e696-d1fa-434e-b882-18641e189e20'),(11,'f440fc18-6cd1-4617-8c11-a5c85e149397','md:16','${tar.filelocation}/IU-d50fb488-7631-4492-9bec-19cc5da46e5d.tar'),(12,'f440fc18-6cd1-4617-8c11-a5c85e149397','md:15','INIT_QUERY'),(13,'f440fc18-6cd1-4617-8c11-a5c85e149397','md:17','e7b11437-ef35-44dc-9f9d-05e7a1752310'),(14,'9ec8f8fb-6af7-4257-a73c-2df8380fb586','md:16','${tar.filelocation}/IU-f6fac0ad-a2cf-4116-9556-2a825ca3a19f.tar'),(15,'9ec8f8fb-6af7-4257-a73c-2df8380fb586','md:17','bff49a04-06ca-4044-9311-ef7886fd639a'),(16,'9ec8f8fb-6af7-4257-a73c-2df8380fb586','md:15','INIT_QUERY'),(17,'8dc311e1-6f9d-4a0e-aef7-5371589f02e2','md:16','/home/dpnuser/Documents/dpn/DPNDestination//IU-3b7734d5-bc75-4feb-a69b-dd149580e79f.tar'),(18,'8dc311e1-6f9d-4a0e-aef7-5371589f02e2','md:17','545312cf-5d1c-400b-928e-64768511c928'),(19,'8dc311e1-6f9d-4a0e-aef7-5371589f02e2','md:15','INIT_QUERY'),(20,'099c6f88-a486-4987-a988-2d34735a7aa3','md:16','/home/dpnuser/Documents/dpn/DPNDestination/IU-4aa011cf-e435-49b9-95ed-06e28cd05a6e.tar'),(21,'099c6f88-a486-4987-a988-2d34735a7aa3','md:15','INIT_QUERY'),(22,'099c6f88-a486-4987-a988-2d34735a7aa3','md:17','8d4781d1-87f9-4666-8fd7-6d58814c621c'),(23,'b905af91-0d5d-4fb7-be21-02333fe22d4d','md:16','/home/dpnuser/Documents/dpn/DPNDestination/IU-2e868ace-2431-4e47-9f79-59163373e442.tar'),(24,'b905af91-0d5d-4fb7-be21-02333fe22d4d','md:15','INIT_QUERY'),(25,'b905af91-0d5d-4fb7-be21-02333fe22d4d','md:17','760b4e75-15ee-4453-bdc8-162f63536e28'),(26,'0dca3d93-d24a-4a98-a4cb-4a02fa6e0062','md:16','/home/dpnuser/Documents/dpn/DPNDestination/IU-a36aadd4-782b-4376-a3ef-8b78ff06a89d.tar'),(27,'0dca3d93-d24a-4a98-a4cb-4a02fa6e0062','md:15','INIT_QUERY'),(28,'0dca3d93-d24a-4a98-a4cb-4a02fa6e0062','md:17','53bb7103-0a7b-42d9-96ad-ada83aa6150e'),(29,'65b4d702-1192-41ec-a9d3-a9e3c3c1b116','md:16','/home/dpnuser/Documents/dpn/DPNDestination/IU-2ab21416-67ca-4eab-b028-860ec530b6d8.tar'),(30,'65b4d702-1192-41ec-a9d3-a9e3c3c1b116','md:15','INIT_QUERY'),(31,'65b4d702-1192-41ec-a9d3-a9e3c3c1b116','md:17','488cc961-4564-434d-8709-5b451fcd550e'),(32,'3830ed6c-98fc-425b-a33c-2559ce86796c','md:16','/home/dpnuser/Documents/dpn/DPNDestination/IU-ba782ab5-3a83-4bfe-92e4-d2b1371f3f9a.tar'),(33,'3830ed6c-98fc-425b-a33c-2559ce86796c','md:17','74fafb15-704e-4032-9998-43f6281d2aca'),(34,'3830ed6c-98fc-425b-a33c-2559ce86796c','md:15','INIT_QUERY'),(35,'c06b3d30-dddf-46b8-b7d5-e86f2b3f1d7e','md:16','/home/dpnuser/Documents/dpn/DPNDestination/IU-91030ba0-0879-43a5-b840-d258b2564c78.tar'),(36,'c06b3d30-dddf-46b8-b7d5-e86f2b3f1d7e','md:17','81725056-0b39-49e9-ab9e-5cbb009edfc1'),(37,'c06b3d30-dddf-46b8-b7d5-e86f2b3f1d7e','md:15','INIT_QUERY'),(38,'6f551f32-4d79-43ed-a6e5-9624c2423c55','md:16','/home/dpnuser/Documents/dpn/DPNDestination/IU-15c9382b-ba4c-4dcf-8ea4-cb2315a30e0b.tar'),(39,'6f551f32-4d79-43ed-a6e5-9624c2423c55','md:15','INIT_QUERY'),(40,'6f551f32-4d79-43ed-a6e5-9624c2423c55','md:17','5a5a0601-72b5-4b1a-9254-a2924c556cd6'),(41,'aa1b2436-d076-4ee8-8505-6c90685c5bc6','md:16','/home/dpnuser/Documents/dpn/DPNDestination/IU-0fad328d-8a2e-4142-9b5d-5355ebc88068.tar'),(42,'aa1b2436-d076-4ee8-8505-6c90685c5bc6','md:17','cdbfd577-394c-4b66-b18a-1af19566ab2e'),(43,'aa1b2436-d076-4ee8-8505-6c90685c5bc6','md:15','INIT_QUERY'),(44,'0142a662-34f9-493a-a2ff-c069c87007ba','md:16','/home/dpnuser/Documents/dpn/DPNDestination/IU-deb37d5b-f703-4910-a96c-4a51bc528183.tar'),(45,'0142a662-34f9-493a-a2ff-c069c87007ba','md:15','INIT_QUERY'),(46,'0142a662-34f9-493a-a2ff-c069c87007ba','md:17','11b51a12-5d23-4fc9-8ffd-daa20032989b'),(47,'0adcfa0c-8dbd-44bb-b774-022645e49f74','md:16','/home/dpnuser/Documents/dpn/DPNDestination/IU-2002ec09-abf2-4ee4-9574-a42b2e3489dd.tar'),(48,'0adcfa0c-8dbd-44bb-b774-022645e49f74','md:15','INIT_QUERY'),(49,'0adcfa0c-8dbd-44bb-b774-022645e49f74','md:17','93800197-7f36-4107-904c-1d7dd1bed49b'),(50,'a70636a7-777c-43a8-8a34-af7f24f9db97','md:16','/home/dpnuser/Documents/dpn/DPNDestination/IU-19747aae-ed72-4437-98e2-122650d21385.tar'),(51,'a70636a7-777c-43a8-8a34-af7f24f9db97','md:15','INIT_QUERY'),(52,'a70636a7-777c-43a8-8a34-af7f24f9db97','md:17','6843dbf1-771f-4223-8ddc-6f3e19cabccd'),(53,'f725a78b-f3ee-40ff-bf85-f17dfe0f98c2','md:16','/home/dpnuser/Documents/dpn/DPNDestination/IU-2ac76862-662d-42db-8208-c98b6529ef16.tar'),(54,'f725a78b-f3ee-40ff-bf85-f17dfe0f98c2','md:17','6bfcb42a-796c-4ea1-8a7c-ab935c83cbc6'),(55,'f725a78b-f3ee-40ff-bf85-f17dfe0f98c2','md:15','INIT_QUERY'),(56,'a326fa4a-ff67-4eaa-990d-35d00b9dfed9','md:16','/home/dpnuser/Documents/dpn/DPNDestination/IU-64c10e72-39bc-49e3-9fff-97a309b0498f.tar'),(57,'a326fa4a-ff67-4eaa-990d-35d00b9dfed9','md:15','AVAILABLE'),(58,'a326fa4a-ff67-4eaa-990d-35d00b9dfed9','md:17','9001049e-ca5b-4cc1-8ef3-a5582366a7de'),(59,'a326fa4a-ff67-4eaa-990d-35d00b9dfed9','md:15','LOCATION'),(60,'57505193-689f-4e3d-a930-533d2c9eeb82','md:16','/home/dpnuser/Documents/dpn/DPNDestination/IU-ff87c17b-55aa-470b-a504-ef6fc2a36dab.tar'),(61,'57505193-689f-4e3d-a930-533d2c9eeb82','md:17','d86000ad-cf9b-4349-b133-a7ad3bd4ac85'),(62,'57505193-689f-4e3d-a930-533d2c9eeb82','md:15','INIT_QUERY'),(63,'http://localhost:8080/sead-wf/entity/56461','md:16','/home/dpnuser/Documents/dpn/DPNDestination/IU-dd91a0d4-9f7b-42f4-8469-07af7ab321c5.tar'),(64,'http://localhost:8080/sead-wf/entity/56461','md:17','76fe7259-3289-417d-b79a-dbdb06fb8d29'),(65,'http://localhost:8080/sead-wf/entity/56461','md:15','INIT_QUERY'),(66,'a326fa4a-ff67-4eaa-990d-35d00b9dfed9','md:15','AVAILABLE'),(67,'a326fa4a-ff67-4eaa-990d-35d00b9dfed9','md:15','LOCATION'),(68,'http://localhost:8080/sead-wf/entity/57470','md:16','/home/dpnuser/Documents/dpn/DPNDestination/IU-77624b63-f89b-4812-92c0-7c692ce3d951.tar'),(69,'http://localhost:8080/sead-wf/entity/57470','md:15','INIT_QUERY'),(70,'http://localhost:8080/sead-wf/entity/57470','md:17','e68245c6-d678-4f1f-8ec7-33d24a26a7ec'),(71,'http://localhost:8080/sead-wf/entity/58479','md:16','/home/dpnuser/Documents/dpn/DPNDestination/IU-1dfe5c82-7325-425c-8ca1-7ddfa622e604.tar'),(72,'http://localhost:8080/sead-wf/entity/58479','md:17','bf3053a7-2051-4d37-a25e-e36f3b8defed'),(73,'http://localhost:8080/sead-wf/entity/58479','md:15','INIT_QUERY'),(74,'cd5f930b-5f0d-47f2-bf9d-74eca78ea2d4','md:10','new4'),(75,'cd5f930b-5f0d-47f2-bf9d-74eca78ea2d4','md:15','init2'),(76,'http://localhost:8080/sead-wf/entity/59488','md:16','/home/dpnuser/Documents/dpn/DPNDestination/IU-d8aa293f-01c3-4743-b000-42661de6821e.tar'),(77,'http://localhost:8080/sead-wf/entity/59488','md:15','LOCATION'),(78,'http://localhost:8080/sead-wf/entity/59488','md:17','064e39ea-5577-4354-9359-210ff0f2bd76'),(79,'http://localhost:8080/sead-wf/entity/60497','md:16','/home/dpnuser/Documents/dpn/DPNDestination/IU-d26614e3-34b7-48d8-9790-6a9f43125aaa.tar'),(80,'http://localhost:8080/sead-wf/entity/60497','md:17','b7583aee-2979-444a-a5a8-b99d7340203a'),(81,'http://localhost:8080/sead-wf/entity/60497','md:15','LOCATION'),(82,'http://localhost:8080/sead-wf/entity/61506','md:16','/home/dpnuser/Documents/dpn/DPNDestination/IU-5597ebf9-0fe7-4a24-9359-36690f968f53.tar'),(83,'http://localhost:8080/sead-wf/entity/61506','md:15','LOCATION'),(84,'http://localhost:8080/sead-wf/entity/61506','md:17','1413a3fe-fc5b-4f7b-a9f9-4bbb11aedd90'),(85,'http://localhost:8080/sead-wf/entity/62515','md:16','/home/dpnuser/Documents/dpn/DPNDestination/IU-f7990178-c7c7-447d-a258-4a95ce70c372.tar'),(86,'http://localhost:8080/sead-wf/entity/62515','md:17','f0e737aa-d117-4122-a695-604393159576'),(87,'http://localhost:8080/sead-wf/entity/62515','md:15','LOCATION'),(88,'http://localhost:8080/sead-wf/entity/63524','md:16','/home/dpnuser/Documents/dpn/DPNDestination/IU-4c8b6105-2d0a-499e-9cc4-f79aafb68c08.tar'),(89,'http://localhost:8080/sead-wf/entity/63524','md:17','78f4144c-7c1d-46b3-8db5-eecf8f262952'),(90,'http://localhost:8080/sead-wf/entity/63524','md:15','LOCATION'),(91,'http://localhost:8080/sead-wf/entity/64533','md:16','/home/dpnuser/Documents/dpn/DPNDestination/IU-e2439972-d3b4-458c-8288-d8aa5ab99cca.tar'),(92,'http://localhost:8080/sead-wf/entity/64533','md:15','LOCATION'),(93,'http://localhost:8080/sead-wf/entity/64533','md:17','c3569c42-00ad-46f4-9fe0-aabcf1753b6b'),(94,'http://localhost:8080/sead-wf/entity/65542','md:16','/home/dpnuser/Documents/dpn/DPNDestination/IU-00ed287f-a014-49d5-8c02-287978bfd9aa.tar'),(95,'http://localhost:8080/sead-wf/entity/65542','md:17','d7badab8-a083-4634-92a6-ee292e54bc77'),(96,'http://localhost:8080/sead-wf/entity/65542','md:15','LOCATION'),(97,'http://localhost:8080/sead-wf/entity/66551','md:16','/home/dpnuser/Documents/dpn/DPNDestination/IU-9a6885d9-cc0a-471d-b629-b19dc0c3ae16.tar'),(98,'http://localhost:8080/sead-wf/entity/66551','md:15','INIT_QUERY'),(99,'http://localhost:8080/sead-wf/entity/66551','md:17','23e7900a-c9d2-423c-8dc8-c3d53a52e6e6'),(100,'http://localhost:8080/sead-wf/entity/67560','md:16','/home/dpnuser/Documents/dpn/DPNDestination/IU-1483f7dd-e80c-425e-b769-bce6992ea904.tar'),(101,'http://localhost:8080/sead-wf/entity/67560','md:15','INIT_QUERY'),(102,'http://localhost:8080/sead-wf/entity/67560','md:17','ca719e56-822f-41f5-a8c4-2d635950f0cf'),(103,'http://localhost:8080/sead-wf/entity/68569','md:16','/home/dpnuser/Documents/dpn/DPNDestination/IU-58944259-fba6-456a-9501-3c496084986e.tar'),(104,'http://localhost:8080/sead-wf/entity/68569','md:15','INIT_QUERY'),(105,'http://localhost:8080/sead-wf/entity/68569','md:17','de13eb8a-6069-45e5-9e42-545ac0f737e8'),(106,'http://localhost:8080/sead-wf/entity/68578','md:16','/home/dpnuser/Documents/dpn/DPNDestination/IU-c710faf7-3f5d-44d2-9972-42e3cd3e5bf5.tar'),(107,'http://localhost:8080/sead-wf/entity/68578','md:15','INIT_QUERY'),(108,'http://localhost:8080/sead-wf/entity/68578','md:17','a8ffeec7-8bc4-49d7-8b68-9642deda1468'),(109,'http://localhost:8080/sead-wf/entity/68587','md:16','/home/dpnuser/Documents/dpn/DPNDestination/IU-13050894-1df3-4054-b772-5388c91b34ea.tar'),(110,'http://localhost:8080/sead-wf/entity/68587','md:17','558944d8-123d-47d3-8dcb-4236c099ea90'),(111,'http://localhost:8080/sead-wf/entity/68587','md:15','INIT_QUERY'),(112,'http://localhost:8080/sead-wf/entity/69625','md:16','/home/dpnuser/Documents/dpn/DPNDestination/IU-d5c23cf0-a4f4-47a9-b15b-e4692fed73f4.tar'),(113,'http://localhost:8080/sead-wf/entity/69625','md:15','INIT_QUERY'),(114,'http://localhost:8080/sead-wf/entity/69625','md:17','e8a1279b-dfe6-4dc6-9a40-fe61810f97d9'),(115,'http://localhost:8080/sead-wf/entity/69634','md:16','/home/dpnuser/Documents/dpn/DPNDestination/IU-04df83a3-939e-48d6-bb51-27332ff0571c.tar'),(116,'http://localhost:8080/sead-wf/entity/69634','md:15','INIT_QUERY'),(117,'http://localhost:8080/sead-wf/entity/69634','md:17','80ba6799-5308-4818-92ab-9a7ef38c8dee'),(118,'http://localhost:8080/sead-wf/entity/69643','md:16','/home/dpnuser/Documents/dpn/DPNDestination/IU-2a266957-86fd-4322-8833-76d1d0b88721.tar'),(119,'http://localhost:8080/sead-wf/entity/69643','md:15','INIT_QUERY'),(120,'http://localhost:8080/sead-wf/entity/69643','md:17','d5cb9cfd-31f5-415b-a5ba-ffba9f631e43'),(121,'http://localhost:8080/sead-wf/entity/72670','md:16','/home/dpnuser/Documents/dpn/DPNDestination/IU-b526b7ca-8ef4-4ed7-9a60-ff9a32ab152a.tar'),(122,'http://localhost:8080/sead-wf/entity/72670','md:17','df2fc645-f807-44dd-9e4f-1d5e37b63d40'),(123,'http://localhost:8080/sead-wf/entity/72670','md:15','INIT_QUERY'),(124,'http://localhost:8080/sead-wf/entity/72679','md:16','/home/dpnuser/Documents/dpn/DPNDestination/IU-4c892629-1033-4d23-b989-b5d1fe8637c8.tar'),(125,'http://localhost:8080/sead-wf/entity/72679','md:17','98126ace-42e4-4562-b809-29c25d666418'),(126,'http://localhost:8080/sead-wf/entity/72679','md:15','LOCATION'),(127,'http://localhost:8080/sead-wf/entity/73688','md:16','/home/dpnuser/Documents/dpn/DPNDestination/IU-c9558887-d5ca-45d4-9c88-244218746ded.tar'),(128,'http://localhost:8080/sead-wf/entity/73688','md:17','5fe1a048-1d03-4915-ae5f-2f2edba62512'),(129,'http://localhost:8080/sead-wf/entity/73688','md:15','LOCATION'),(130,'http://localhost:8080/sead-wf/entity/73697','md:16','/home/dpnuser/Documents/dpn/DPNDestination/IU-d1268259-47fe-473e-bf14-15ab9997b365.tar'),(131,'http://localhost:8080/sead-wf/entity/73697','md:15','LOCATION'),(132,'http://localhost:8080/sead-wf/entity/73697','md:17','2befd7f1-e9af-4297-b16f-266f4b99da8b'),(133,'http://localhost:8080/sead-wf/entity/73706','md:16','/home/dpnuser/Documents/dpn/DPNDestination/IU-842b5c91-10a4-42a6-94cc-138e40627d68.tar'),(134,'http://localhost:8080/sead-wf/entity/73706','md:17','a881a69c-1c0b-43b6-a048-c2189e80d322'),(135,'http://localhost:8080/sead-wf/entity/73706','md:15','LOCATION'),(136,'http://localhost:8080/sead-wf/entity/74715','md:16','/home/dpnuser/Documents/dpn/DPNDestination/IU-b0db0b4a-e5f8-49de-9280-19ee6350bd1f.tar'),(137,'http://localhost:8080/sead-wf/entity/74715','md:15','INIT_QUERY'),(138,'http://localhost:8080/sead-wf/entity/74715','md:17','af3c3687-7d98-4990-9f90-09ce9c93eb2f'),(139,'http://localhost:8080/sead-wf/entity/74724','md:16','/home/dpnuser/Documents/dpn/DPNDestination/IU-b6d7ffbe-9203-40d6-b4c7-883ec52f46fe.tar'),(140,'http://localhost:8080/sead-wf/entity/74724','md:17','a5b1ad61-4be4-4de4-a895-c4e6ecde5e74'),(141,'http://localhost:8080/sead-wf/entity/74724','md:15','INIT_QUERY'),(142,'http://localhost:8080/sead-wf/entity/74724','md:15','AVAILABLE'),(143,'http://localhost:8080/sead-wf/entity/74724','md:15','LOCATION'),(144,'http://localhost:8080/sead-wf/entity/74724','md:15','LOCATION'),(145,'http://localhost:8080/sead-wf/entity/74733','md:16','/home/dpnuser/Documents/dpn/DPNDestination/IU-535a5455-6e22-43b7-a8a5-207af88dcb76.tar'),(146,'http://localhost:8080/sead-wf/entity/74733','md:15','INIT_QUERY'),(147,'http://localhost:8080/sead-wf/entity/74733','md:17','529df32c-10c3-42b5-a4a3-77c3b972502e'),(148,'http://localhost:8080/sead-wf/entity/75742','md:16','/home/dpnuser/Documents/dpn/DPNDestination/IU-4afc331b-a2e6-4aaf-add5-62c2812038e8.tar'),(149,'http://localhost:8080/sead-wf/entity/75742','md:15','INIT_QUERY'),(150,'http://localhost:8080/sead-wf/entity/75742','md:17','cdacfd89-f912-4133-b2fb-6e5fd44995d3'),(151,'http://localhost:8080/sead-wf/entity/75751','md:16','/home/dpnuser/Documents/dpn/DPNDestination/IU-eabfef07-ae5a-4e8e-b461-7d895cbc276c.tar'),(152,'http://localhost:8080/sead-wf/entity/75751','md:17','c66ffb83-e900-477b-bb90-c9b117586663'),(153,'http://localhost:8080/sead-wf/entity/75751','md:15','INIT_QUERY'),(154,'http://localhost:8080/sead-wf/entity/75760','md:16','/home/dpnuser/Documents/dpn/DPNDestination/IU-6f574a57-64ac-4fcd-bc3d-0df72d7b6be2.tar'),(155,'http://localhost:8080/sead-wf/entity/75760','md:15','INIT_QUERY'),(156,'http://localhost:8080/sead-wf/entity/75760','md:17','fff3775b-f64a-404c-bd5c-6d429c68f4dd'),(157,'b4a8a230-9fd9-4c50-bba5-6b4397dacb4a','md:10','value_1.0'),(158,'80f12f8d-8123-4cc3-b659-4abb9b48423a','md:10','value_1.0'),(159,'93286117-873b-4a4c-bde4-83651f2e0af7','md:10','value_1.2'),(160,'145428db-4ea4-4bfe-9e2d-cb7aa8f94e36','md:10','value_1.2'),(161,'880e3ff1-d802-4ee1-9143-cfc076ba854e','md:10','value_1.2:4f43a742-300b-414b-a992-17b4e899311f'),(162,'http://localhost:8080/sead-wf/entity/76769','md:16','/home/dpnuser/Documents/dpn/DPNDestination/IU-bfc40e2e-3346-49e1-ae9a-1fbf87df49d3.tar'),(163,'http://localhost:8080/sead-wf/entity/76769','md:17','9d3860fe-5c40-43d4-9370-605fb6282960'),(164,'http://localhost:8080/sead-wf/entity/76769','md:15','INIT_QUERY'),(165,'http://localhost:8080/sead-wf/entity/77778','md:16','/home/dpnuser/Documents/dpn/DPNDestination/IU-acab2a8d-9690-4724-8388-ebd6de373932.tar'),(166,'http://localhost:8080/sead-wf/entity/77778','md:17','fc7f6b81-3197-4bfc-adc7-c4bb51852e2e'),(167,'http://localhost:8080/sead-wf/entity/77778','md:15','INIT_QUERY'),(168,'http://localhost:8080/sead-wf/entity/77787','md:16','/home/dpnuser/Documents/dpn/DPNDestination/IU-2244bac3-64fb-495c-9f75-eeedd6402c1c.tar'),(169,'http://localhost:8080/sead-wf/entity/77787','md:17','4d1071b6-073a-4306-822c-4960407c46c9'),(170,'http://localhost:8080/sead-wf/entity/77787','md:15','INIT_QUERY'),(171,'http://localhost:8080/sead-wf/entity/78796','md:16','/home/dpnuser/Documents/dpn/DPNDestination/IU-481c9b01-dac7-4791-8210-ef74574943fc.tar'),(172,'http://localhost:8080/sead-wf/entity/78796','md:17','36087f4a-a0d9-4116-8cf3-3d2279c1c194'),(173,'http://localhost:8080/sead-wf/entity/78796','md:15','INIT_QUERY'),(174,'http://localhost:8080/sead-wf/entity/78796','md:15','LOCATION'),(175,'http://localhost:8080/sead-wf/entity/79805','md:16','/home/dpnuser/Documents/dpn/DPNDestination/IU-ae0a9d27-bfb9-489c-b9e7-4a97102a992b.tar'),(176,'http://localhost:8080/sead-wf/entity/79805','md:15','INIT_QUERY'),(177,'http://localhost:8080/sead-wf/entity/79805','md:17','d2776e1c-c4b1-46a7-a920-df6c2fd38af7'),(178,'http://localhost:8080/sead-wf/entity/79805','md:15','LOCATION'),(179,'http://localhost:8080/sead-wf/entity/80814','md:16','/dpndestn/IU-95d1596a-99b7-48b8-ab5b-2b3aa4b311f7.tar'),(180,'http://localhost:8080/sead-wf/entity/80814','md:15','INIT_QUERY'),(181,'http://localhost:8080/sead-wf/entity/80814','md:17','a7516928-5e23-4204-847f-cf0e62bfcd3d'),(182,'http://localhost:8080/sead-wf/entity/80814','md:15','LOCATION'),(183,'http://localhost:8080/sead-wf/entity/81823','md:15','INIT_QUERY'),(184,'http://localhost:8080/sead-wf/entity/81823','md:17','a1250395-3864-4e79-8dc0-8ad9021ba5a8'),(185,'http://localhost:8080/sead-wf/entity/81823','md:15','LOCATION'),(186,'http://localhost:8080/sead-wf/entity/82832','md:16','/dpndestn/IU-a0be7efc-7b09-471a-a220-c51ec09debd6.tar'),(187,'http://localhost:8080/sead-wf/entity/82832','md:17','0d9a9cff-3f76-4099-9706-faa92841fc03'),(188,'http://localhost:8080/sead-wf/entity/82832','md:15','INIT_QUERY'),(189,'http://localhost:8080/sead-wf/entity/82841','md:16','/dpndestn/IU-7f0651cf-ad3e-45d0-a343-aa7ac2c4ad5a.tar'),(190,'http://localhost:8080/sead-wf/entity/82841','md:17','307bc27e-a7b6-45b3-9eab-cf603027619b'),(191,'http://localhost:8080/sead-wf/entity/82841','md:15','INIT_QUERY'),(192,'http://localhost:8080/sead-wf/entity/83850','md:16','/dpndestn/IU-8bb16f23-ac48-4cb5-98d4-88ca418d4e28.tar'),(193,'http://localhost:8080/sead-wf/entity/83850','md:17','93d1391c-135d-4241-86f7-a8ac9ff96267'),(194,'http://localhost:8080/sead-wf/entity/83850','md:15','INIT_QUERY'),(195,'http://localhost:8080/sead-wf/entity/83850','md:15','LOCATION'),(196,'http://localhost:8080/sead-wf/entity/83850','md:15','VERIFY'),(197,'http://localhost:8080/sead-wf/entity/83850','md:15','VERIFY'),(198,'http://localhost:8080/sead-wf/entity/84859','md:16','/dpndestn/IU-60ee9b30-c2b5-4a6c-9c7b-f7737dffa775.tar'),(199,'http://localhost:8080/sead-wf/entity/84859','md:17','57a1cfe2-1320-40c5-9b5e-16665e620d52'),(200,'http://localhost:8080/sead-wf/entity/84859','md:15','INIT_QUERY'),(201,'http://localhost:8080/sead-wf/entity/84859','md:15','LOCATION'),(202,'http://localhost:8080/sead-wf/entity/84859','md:15','VERIFY'),(203,'http://localhost:8080/sead-wf/entity/84859','md:15','VERIFY'),(204,'http://localhost:8080/sead-wf/entity/85868','md:16','/dpndestn/IU-6fe6df2a-3a74-4999-8c1b-1b81eae7e5d2.tar'),(205,'http://localhost:8080/sead-wf/entity/85868','md:17','e9903b9a-1932-4e46-b2f1-79fe21fa9118'),(206,'http://localhost:8080/sead-wf/entity/85868','md:15','INIT_QUERY'),(207,'http://localhost:8080/sead-wf/entity/85868','md:15','LOCATION'),(208,'http://localhost:8080/sead-wf/entity/85868','md:15','VERIFY'),(209,'http://localhost:8080/sead-wf/entity/85868','md:15','VERIFY'),(210,'http://localhost:8080/sead-wf/entity/86877','md:16','/dpndestn/IU-089c6c68-72a1-4f18-aec7-ad2634a41e59.tar'),(211,'http://localhost:8080/sead-wf/entity/86877','md:15','INIT_QUERY'),(212,'http://localhost:8080/sead-wf/entity/86877','md:17','17865d48-f247-4239-a7ee-6fa75330ea3e'),(213,'http://localhost:8080/sead-wf/entity/86877','md:15','LOCATION'),(214,'http://localhost:8080/sead-wf/entity/86877','md:15','VERIFY'),(215,'http://localhost:8080/sead-wf/entity/86877','md:15','VERIFY'),(216,'http://localhost:8080/sead-wf/entity/87886','md:16','/dpndestn/IU-7ce213fd-46cc-4d31-9490-7e11426b5383.tar'),(217,'http://localhost:8080/sead-wf/entity/87886','md:17','d2789497-68b8-4e0b-adfd-906345c35d1a'),(218,'http://localhost:8080/sead-wf/entity/87886','md:15','INIT_QUERY'),(219,'http://localhost:8080/sead-wf/entity/87886','md:15','LOCATION'),(220,'http://localhost:8080/sead-wf/entity/87886','md:15','VERIFY'),(221,'http://localhost:8080/sead-wf/entity/87886','md:15','VERIFY'),(222,'http://localhost:8080/sead-wf/entity/88910','md:16','/dpndestn/IU-eb304dbd-299a-4e96-9989-91fcdd196384.tar'),(223,'http://localhost:8080/sead-wf/entity/88910','md:17','90c3263f-c2a9-43e5-a300-5c233b4d2fbd'),(224,'http://localhost:8080/sead-wf/entity/88910','md:15','INIT_QUERY'),(225,'http://localhost:8080/sead-wf/entity/88910','md:15','LOCATION'),(226,'http://localhost:8080/sead-wf/entity/88910','md:15','VERIFY'),(227,'http://localhost:8080/sead-wf/entity/88910','md:15','VERIFY'),(228,'http://localhost:8080/sead-wf/entity/88919','md:16','/dpndestn/IU-ca447230-f819-4204-94b6-a8f1877dbd6c.tar'),(229,'http://localhost:8080/sead-wf/entity/88919','md:17','173fded7-3cac-42de-b6bb-2a00ecdc927d'),(230,'http://localhost:8080/sead-wf/entity/88919','md:15','INIT_QUERY'),(231,'http://localhost:8080/sead-wf/entity/88919','md:15','LOCATION'),(232,'http://localhost:8080/sead-wf/entity/88919','md:15','VERIFY'),(233,'http://localhost:8080/sead-wf/entity/88919','md:15','VERIFY'),(234,'http://localhost:8080/sead-wf/entity/88928','md:16','/dpndestn/IU-2f08ede2-bb95-4cb0-8e20-e1b8ddfed990.tar'),(235,'http://localhost:8080/sead-wf/entity/88928','md:17','95ab2548-9ead-4371-9d00-d2d09aed0632'),(236,'http://localhost:8080/sead-wf/entity/88928','md:15','INIT_QUERY'),(237,'http://localhost:8080/sead-wf/entity/88928','md:15','LOCATION'),(238,'http://localhost:8080/sead-wf/entity/88928','md:15','VERIFY'),(239,'http://localhost:8080/sead-wf/entity/88928','md:15','VERIFY'),(240,'http://localhost:8080/sead-wf/entity/88937','md:16','/dpndestn/IU-203acffd-2f15-4c1d-b0cf-ae69709a77f1.tar'),(241,'http://localhost:8080/sead-wf/entity/88937','md:15','INIT_QUERY'),(242,'http://localhost:8080/sead-wf/entity/88937','md:17','4b5118a9-72b8-4d70-8ef2-8b14f80549f6'),(243,'http://localhost:8080/sead-wf/entity/88946','md:16','/dpndestn/IU-c8e0cc33-e819-4ed2-8fe5-6d3ce682eaa6.tar'),(244,'http://localhost:8080/sead-wf/entity/88946','md:15','INIT_QUERY'),(245,'http://localhost:8080/sead-wf/entity/88946','md:17','9cedf353-fed2-4ffd-8a5b-a025ee85271b'),(246,'http://localhost:8080/sead-wf/entity/88937','md:15','LOCATION'),(247,'http://localhost:8080/sead-wf/entity/88946','md:15','LOCATION'),(248,'http://localhost:8080/sead-wf/entity/88937','md:15','VERIFY'),(249,'http://localhost:8080/sead-wf/entity/88937','md:15','VERIFY'),(250,'http://localhost:8080/sead-wf/entity/88946','md:15','VERIFY'),(251,'http://localhost:8080/sead-wf/entity/88946','md:15','VERIFY'),(252,'http://localhost:8080/sead-wf/entity/88955','md:16','/dpndestn/IU-cd510594-3b65-4eb3-9753-d655e9aee003.tar'),(253,'http://localhost:8080/sead-wf/entity/88955','md:15','INIT_QUERY'),(254,'http://localhost:8080/sead-wf/entity/88955','md:17','82c8c883-621c-4f37-82b7-0956e0727958'),(255,'http://localhost:8080/sead-wf/entity/88955','md:15','LOCATION'),(256,'http://localhost:8080/sead-wf/entity/88955','md:15','VERIFY'),(257,'http://localhost:8080/sead-wf/entity/88955','md:15','VERIFY'),(258,'http://localhost:8080/sead-wf/entity/88964','md:16','/dpndestn/IU-2c54a4d6-6f11-4558-85df-38d84ef74f1d.tar'),(259,'http://localhost:8080/sead-wf/entity/88964','md:15','INIT_QUERY'),(260,'http://localhost:8080/sead-wf/entity/88964','md:17','b4839c15-1558-4eb8-bf6d-d162364df3d3'),(261,'http://localhost:8080/sead-wf/entity/88964','md:15','LOCATION'),(262,'http://localhost:8080/sead-wf/entity/88964','md:15','VERIFY'),(263,'http://localhost:8080/sead-wf/entity/88964','md:15','VERIFY'),(264,'http://localhost:8080/sead-wf/entity/88973','md:16','/dpndestn/IU-590f723e-c13f-4fa6-ae2b-a50dee2f5106.tar'),(265,'http://localhost:8080/sead-wf/entity/88973','md:15','INIT_QUERY'),(266,'http://localhost:8080/sead-wf/entity/88973','md:17','0677e1de-04d3-4b20-a55d-df67cfdbd08e'),(267,'http://localhost:8080/sead-wf/entity/88973','md:15','LOCATION'),(268,'http://localhost:8080/sead-wf/entity/88973','md:15','VERIFY'),(269,'http://localhost:8080/sead-wf/entity/88973','md:15','VERIFY'),(270,'http://localhost:8080/sead-wf/entity/88986','md:16','/dpndestn/IU-d4362207-8d13-46a6-964c-92373c061470.tar'),(271,'http://localhost:8080/sead-wf/entity/88986','md:15','INIT_QUERY'),(272,'http://localhost:8080/sead-wf/entity/88986','md:17','7e4f8ee1-9ac9-40b3-99da-0528fa1b8670'),(273,'http://localhost:8080/sead-wf/entity/88995','md:16','/dpndestn/IU-4597903e-f5dc-4b73-8ee2-59ae07e82a2d.tar'),(274,'http://localhost:8080/sead-wf/entity/88995','md:17','3064baa0-3478-4af4-b79b-f2654114bdc2'),(275,'http://localhost:8080/sead-wf/entity/88995','md:15','INIT_QUERY'),(276,'http://localhost:8080/sead-wf/entity/89004','md:16','/dpndestn/IU-de09b7c0-985a-4fd1-ba46-8130b021d92e.tar'),(277,'http://localhost:8080/sead-wf/entity/89004','md:17','75dacc49-4a44-44df-ae01-06cb22480609'),(278,'http://localhost:8080/sead-wf/entity/89004','md:15','INIT_QUERY'),(279,'http://localhost:8080/sead-wf/entity/89004','md:15','LOCATION'),(280,'http://localhost:8080/sead-wf/entity/89004','md:15','VERIFY'),(281,'http://localhost:8080/sead-wf/entity/89004','md:15','VERIFY'),(282,'http://localhost:8080/sead-wf/entity/89013','md:16','/dpndestn/IU-5cf1a767-03a2-4f34-b900-0b883a2dfc98.tar'),(283,'http://localhost:8080/sead-wf/entity/89013','md:17','6d0a8963-767d-4ca1-89c0-8d701ebfb683'),(284,'http://localhost:8080/sead-wf/entity/89013','md:15','INIT_QUERY'),(285,'http://localhost:8080/sead-wf/entity/89013','md:15','LOCATION'),(286,'http://localhost:8080/sead-wf/entity/89013','md:15','VERIFY'),(287,'http://localhost:8080/sead-wf/entity/89013','md:15','VERIFY'),(288,'http://localhost:8080/sead-wf/entity/89026','md:16','/dpndestn/IU-a68eb053-cbd6-423c-950c-4b75af7fc679.tar'),(289,'http://localhost:8080/sead-wf/entity/89026','md:15','INIT_QUERY'),(290,'http://localhost:8080/sead-wf/entity/89026','md:17','8e5efc69-f7ed-4b9b-b330-f217d6c3d711'),(291,'http://localhost:8080/sead-wf/entity/89026','md:15','LOCATION'),(292,'http://localhost:8080/sead-wf/entity/89026','md:15','VERIFY'),(293,'http://localhost:8080/sead-wf/entity/89026','md:15','VERIFY'),(294,'http://localhost:8080/sead-wf/entity/89039','md:16','/dpndestn/IU-92038f2d-4b13-472a-a05b-f29022121273.tar'),(295,'http://localhost:8080/sead-wf/entity/89039','md:15','INIT_QUERY'),(296,'http://localhost:8080/sead-wf/entity/89039','md:17','e1c1f5e8-848d-45a9-9c11-eca891dca13a'),(297,'http://localhost:8080/sead-wf/entity/89039','md:15','LOCATION'),(298,'http://localhost:8080/sead-wf/entity/89039','md:15','VERIFY'),(299,'http://localhost:8080/sead-wf/entity/89039','md:15','VERIFY'),(300,'http://localhost:8080/sead-wf/entity/89052','md:16','/dpndestn/IU-4040ef34-536f-4e38-8534-f6ca5cd4f5e6.tar'),(301,'http://localhost:8080/sead-wf/entity/89052','md:17','9cdb2577-86d1-4f99-aeb5-4064673c8760'),(302,'http://localhost:8080/sead-wf/entity/89052','md:15','INIT_QUERY'),(303,'http://localhost:8080/sead-wf/entity/89052','md:15','LOCATION'),(304,'http://localhost:8080/sead-wf/entity/89052','md:15','VERIFY-PASS'),(305,'http://localhost:8080/sead-wf/entity/89052','md:15','VERIFY-PASS'),(306,'http://localhost:8080/sead-wf/entity/89061','md:16','/dpndestn/IU-5359df51-3d55-447a-84dc-dbb9349a2866.tar'),(307,'http://localhost:8080/sead-wf/entity/89061','md:17','1d85c50b-8016-4b91-b278-140b08ef0980'),(308,'http://localhost:8080/sead-wf/entity/89061','md:15','INIT_QUERY'),(309,'http://localhost:8080/sead-wf/entity/89061','md:15','LOCATION'),(310,'http://localhost:8080/sead-wf/entity/89061','md:15','VERIFY-PASS'),(311,'http://localhost:8080/sead-wf/entity/89061','md:15','VERIFY-PASS'),(312,'http://localhost:8080/sead-wf/entity/89074','md:16','/dpndestn/IU-2ea49f43-5073-412c-a10f-9d036c6d8b72.tar'),(313,'http://localhost:8080/sead-wf/entity/89074','md:17','b71e478e-b530-4615-be09-e34725b69335'),(314,'http://localhost:8080/sead-wf/entity/89074','md:15','INIT_QUERY'),(315,'http://localhost:8080/sead-wf/entity/89074','md:15','LOCATION'),(316,'http://localhost:8080/sead-wf/entity/89074','md:15','VERIFY-PASS'),(317,'http://localhost:8080/sead-wf/entity/89074','md:15','VERIFY-PASS'),(318,'http://localhost:8080/sead-wf/entity/89087','md:16','/dpndestn/IU-cd94a185-1a9d-4f1b-adeb-a73e07188189.tar'),(319,'http://localhost:8080/sead-wf/entity/89087','md:15','INIT_QUERY'),(320,'http://localhost:8080/sead-wf/entity/89087','md:17','41019860-c775-484f-ba74-1903195d1d44'),(321,'http://localhost:8080/sead-wf/entity/89087','md:15','LOCATION'),(322,'http://localhost:8080/sead-wf/entity/89087','md:15','VERIFY-PASS'),(323,'http://localhost:8080/sead-wf/entity/89087','md:15','VERIFY-PASS'),(324,'http://localhost:8080/sead-wf/entity/89100','md:16','/dpndestn/IU-153a27a3-1f9c-4703-8f8c-3b55a15beec1.tar'),(325,'http://localhost:8080/sead-wf/entity/89100','md:15','INIT_QUERY'),(326,'http://localhost:8080/sead-wf/entity/89100','md:17','084a72ec-e562-4745-b9c2-0ca4553a9c41'),(327,'http://localhost:8080/sead-wf/entity/89100','md:15','LOCATION'),(328,'http://localhost:8080/sead-wf/entity/89100','md:15','VERIFY-FAIL'),(329,'http://localhost:8080/sead-wf/entity/89100','md:15','VERIFY-FAIL'),(330,'http://localhost:8080/sead-wf/entity/89113','md:16','/dpndestn/IU-f02df653-925a-42af-8857-7595f122c733.tar'),(331,'http://localhost:8080/sead-wf/entity/89113','md:17','443679fa-5fcf-4e46-acbf-b86495cf694b'),(332,'http://localhost:8080/sead-wf/entity/89113','md:15','INIT_QUERY'),(333,'http://localhost:8080/sead-wf/entity/89113','md:15','LOCATION'),(334,'http://localhost:8080/sead-wf/entity/89113','md:15','VERIFY-PASS'),(335,'http://localhost:8080/sead-wf/entity/89113','md:15','VERIFY-PASS'),(336,'http://localhost:8080/sead-wf/entity/89126','md:16','/dpndestn/IU-a31d1e52-2551-41e0-9849-08544116f9c2.tar'),(337,'http://localhost:8080/sead-wf/entity/89126','md:15','INIT_QUERY'),(338,'http://localhost:8080/sead-wf/entity/89126','md:17','9fa904bb-5a47-4231-b7fa-d2e8fe29ecba'),(339,'http://localhost:8080/sead-wf/entity/89126','md:15','LOCATION'),(340,'http://localhost:8080/sead-wf/entity/89126','md:15','VERIFY-PASS'),(341,'http://localhost:8080/sead-wf/entity/89126','md:15','VERIFY-PASS'),(342,'http://localhost:8080/sead-wf/entity/89139','md:16','/dpndestn/IU-803d78c1-25f3-4025-bc57-48a113592141.tar'),(343,'http://localhost:8080/sead-wf/entity/89139','md:15','INIT_QUERY'),(344,'http://localhost:8080/sead-wf/entity/89139','md:17','c65c2ec6-2904-4615-830d-2d37e4d66453'),(345,'http://localhost:8080/sead-wf/entity/89139','md:15','LOCATION'),(346,'http://localhost:8080/sead-wf/entity/89139','md:15','VERIFY-PASS'),(347,'http://localhost:8080/sead-wf/entity/89139','md:15','VERIFY-PASS'),(348,'http://localhost:8080/sead-wf/entity/1002','md:16','/dpndestn/IU-5fe27735-137a-4b6e-a963-0931b0c55081.tar'),(349,'http://localhost:8080/sead-wf/entity/1011','md:16','/dpndestn/IU-ef2c77e8-4f69-4a14-8f60-ebeb8864c74f.tar'),(350,'http://localhost:8080/sead-wf/entity/1011','md:15','INIT_QUERY'),(351,'http://localhost:8080/sead-wf/entity/1011','md:17','cc755323-a8af-4a0c-8623-f39d3a4b7302'),(352,'http://localhost:8080/sead-wf/entity/1002','md:17','cc755323-a8af-4a0c-8623-f39d3a4b7302'),(353,'http://localhost:8080/sead-wf/entity/1002','md:15','INIT_QUERY'),(354,'http://localhost:8080/sead-wf/entity/1020','md:16','/dpndestn/IU-c5b53b2a-16b3-464b-a39f-c5acf30a72c1.tar'),(355,'http://localhost:8080/sead-wf/entity/1020','md:15','INIT_QUERY'),(356,'http://localhost:8080/sead-wf/entity/1020','md:17','2254dc3f-f200-4f1b-ab64-4d3691e63a80'),(357,'http://localhost:8080/sead-wf/entity/1020','md:15','LOCATION'),(358,'http://localhost:8080/sead-wf/entity/1020','md:15','VERIFY-PASS'),(359,'http://localhost:8080/sead-wf/entity/1020','md:15','VERIFY-PASS'),(360,'http://localhost:8080/sead-wf/entity/1027','md:16','/dpndestn/IU-2505e0ce-93b5-4036-a9db-ca6a8643a016.tar'),(361,'http://localhost:8080/sead-wf/entity/1027','md:15','INIT_QUERY'),(362,'http://localhost:8080/sead-wf/entity/1027','md:17','c07e9d5d-1425-480b-bf6f-a87c65627c05'),(363,'http://localhost:8080/sead-wf/entity/1027','md:15','LOCATION'),(364,'http://localhost:8080/sead-wf/entity/1027','md:15','VERIFY-FAIL'),(365,'http://localhost:8080/sead-wf/entity/1027','md:15','VERIFY-FAIL'),(366,'http://localhost:8080/sead-wf/entity/1034','md:16','/dpndestn/IU-3cbd8cfd-317a-4d6f-9d6a-2bf0028b5881.tar'),(367,'http://localhost:8080/sead-wf/entity/1034','md:15','INIT_QUERY'),(368,'http://localhost:8080/sead-wf/entity/1034','md:17','19724115-9610-46e6-a8ef-a45c02941c0b'),(369,'http://localhost:8080/sead-wf/entity/1034','md:15','LOCATION'),(370,'http://localhost:8080/sead-wf/entity/1034','md:15','VERIFY-PASS'),(371,'http://localhost:8080/sead-wf/entity/1034','md:15','VERIFY-PASS'),(372,'http://localhost:8080/sead-wf/entity/1041','md:16','/dpndestn/IU-b64e29d7-0050-4dd2-a5e3-c682b80af635.tar'),(373,'http://localhost:8080/sead-wf/entity/1041','md:15','INIT_QUERY'),(374,'http://localhost:8080/sead-wf/entity/1041','md:17','22562d33-e022-488f-a145-90a54f288bb4'),(375,'http://localhost:8080/sead-wf/entity/1041','md:15','LOCATION'),(376,'http://localhost:8080/sead-wf/entity/1041','md:15','VERIFY-PASS'),(377,'http://localhost:8080/sead-wf/entity/1041','md:15','VERIFY-PASS'),(378,'http://localhost:8080/sead-wf/entity/1048','md:16','/dpndestn/IU-86bbd4e8-c4fe-41da-8e2c-1dbe7d16b502.tar'),(379,'http://localhost:8080/sead-wf/entity/1048','md:17','64ac14d9-7407-4a12-a8cd-b273c47dab3c'),(380,'http://localhost:8080/sead-wf/entity/1048','md:15','INIT_QUERY'),(381,'http://localhost:8080/sead-wf/entity/1048','md:15','LOCATION'),(382,'http://localhost:8080/sead-wf/entity/1048','md:15','VERIFY-PASS'),(383,'http://localhost:8080/sead-wf/entity/1048','md:15','VERIFY-PASS'),(384,'http://localhost:8080/sead-wf/entity/1064','md:16','/dpndestn/IU-b93819ea-e06b-426f-99f2-2bf5c988d0a7.tar'),(385,'http://localhost:8080/sead-wf/entity/1064','md:15','INIT_QUERY'),(386,'http://localhost:8080/sead-wf/entity/1064','md:17','1fa959ba-b034-4da7-84dd-230fda5e4d03'),(387,'http://localhost:8080/sead-wf/entity/1064','md:15','LOCATION'),(388,'http://localhost:8080/sead-wf/entity/1064','md:15','VERIFY-PASS'),(389,'http://localhost:8080/sead-wf/entity/1064','md:15','VERIFY-PASS'),(390,'http://localhost:8080/sead-wf/entity/1077','md:16','/dpndestn/IU-a23da26d-d07f-476e-b3d6-b2cc6ee318a6.tar'),(391,'http://localhost:8080/sead-wf/entity/1077','md:15','INIT_QUERY'),(392,'http://localhost:8080/sead-wf/entity/1077','md:17','35ae9a24-9820-410e-a3d4-97396dc7e9c3'),(393,'http://localhost:8080/sead-wf/entity/1077','md:15','LOCATION'),(394,'http://localhost:8080/sead-wf/entity/1077','md:15','VERIFY-PASS'),(395,'http://localhost:8080/sead-wf/entity/1077','md:15','VERIFY-PASS'),(396,'http://localhost:8080/sead-wf/entity/1090','md:16','/dpndestn/IU-ed978efa-d84c-4c43-9056-f683d0669641.tar'),(397,'http://localhost:8080/sead-wf/entity/1090','md:17','20b1d3c4-581b-4c4e-b98f-abcce807c4a5'),(398,'http://localhost:8080/sead-wf/entity/1090','md:15','INIT_QUERY'),(399,'http://localhost:8080/sead-wf/entity/1090','md:15','LOCATION'),(400,'http://localhost:8080/sead-wf/entity/1090','md:15','VERIFY-PASS'),(401,'http://localhost:8080/sead-wf/entity/1090','md:15','VERIFY-PASS');
/*!40000 ALTER TABLE `property` ENABLE KEYS */;
UNLOCK TABLES;

--
-- Table structure for table `relation`
--

DROP TABLE IF EXISTS `relation`;
/*!40101 SET @saved_cs_client     = @@character_set_client */;
/*!40101 SET character_set_client = utf8 */;
CREATE TABLE `relation` (
  `cause_id` varchar(127) NOT NULL,
  `relation_type_id` varchar(127) NOT NULL,
  `effect_id` varchar(127) NOT NULL,
  PRIMARY KEY (`cause_id`,`relation_type_id`,`effect_id`),
  KEY `effect_id` (`effect_id`),
  KEY `relation_type_id` (`relation_type_id`)
) ENGINE=MyISAM DEFAULT CHARSET=latin1;
/*!40101 SET character_set_client = @saved_cs_client */;

--
-- Dumping data for table `relation`
--

LOCK TABLES `relation` WRITE;
/*!40000 ALTER TABLE `relation` DISABLE KEYS */;
/*!40000 ALTER TABLE `relation` ENABLE KEYS */;
UNLOCK TABLES;

--
-- Table structure for table `relation_type`
--

DROP TABLE IF EXISTS `relation_type`;
/*!40101 SET @saved_cs_client     = @@character_set_client */;
/*!40101 SET character_set_client = utf8 */;
CREATE TABLE `relation_type` (
  `relation_type_id` varchar(127) NOT NULL,
  `relation_schema` varchar(256) NOT NULL,
  `relation_element` varchar(256) NOT NULL,
  PRIMARY KEY (`relation_type_id`)
) ENGINE=MyISAM DEFAULT CHARSET=latin1;
/*!40101 SET character_set_client = @saved_cs_client */;

--
-- Dumping data for table `relation_type`
--

LOCK TABLES `relation_type` WRITE;
/*!40000 ALTER TABLE `relation_type` DISABLE KEYS */;
INSERT INTO `relation_type` VALUES ('rl:1','http://www.openarchives.org/ore/terms/','describes');
/*!40000 ALTER TABLE `relation_type` ENABLE KEYS */;
UNLOCK TABLES;

--
-- Table structure for table `repository`
--

DROP TABLE IF EXISTS `repository`;
/*!40101 SET @saved_cs_client     = @@character_set_client */;
/*!40101 SET character_set_client = utf8 */;
CREATE TABLE `repository` (
  `repository_id` varchar(127) NOT NULL,
  `repository_name` varchar(127) NOT NULL,
  `software_type` varchar(256) NOT NULL,
  `affiliation` varchar(256) NOT NULL,
  PRIMARY KEY (`repository_id`)
) ENGINE=MyISAM DEFAULT CHARSET=latin1;
/*!40101 SET character_set_client = @saved_cs_client */;

--
-- Dumping data for table `repository`
--

LOCK TABLES `repository` WRITE;
/*!40000 ALTER TABLE `repository` DISABLE KEYS */;
INSERT INTO `repository` VALUES ('repo:1','IU SDA','HPSS','Indiana University'),('repo:2','IU Scholarworks','dspace','Indiana University'),('repo:3','Ideals','dspace','UIUC');
/*!40000 ALTER TABLE `repository` ENABLE KEYS */;
UNLOCK TABLES;

--
-- Table structure for table `role_type`
--

DROP TABLE IF EXISTS `role_type`;
/*!40101 SET @saved_cs_client     = @@character_set_client */;
/*!40101 SET character_set_client = utf8 */;
CREATE TABLE `role_type` (
  `role_type_id` varchar(127) NOT NULL,
  `role_type_name` varchar(127) NOT NULL,
  `role_description` varchar(256) NOT NULL,
  PRIMARY KEY (`role_type_id`)
) ENGINE=MyISAM DEFAULT CHARSET=latin1;
/*!40101 SET character_set_client = @saved_cs_client */;

--
-- Dumping data for table `role_type`
--

LOCK TABLES `role_type` WRITE;
/*!40000 ALTER TABLE `role_type` DISABLE KEYS */;
INSERT INTO `role_type` VALUES ('role:1','Curator','Curator at an IR'),('role:2','Researcher','Scientist/Researcher'),('role:3','Administrator','Tech Administrator'),('role:4','Repository Representative','Represents IR, but not necessarily a Curator');
/*!40000 ALTER TABLE `role_type` ENABLE KEYS */;
UNLOCK TABLES;

--
-- Table structure for table `state`
--

DROP TABLE IF EXISTS `state`;
/*!40101 SET @saved_cs_client     = @@character_set_client */;
/*!40101 SET character_set_client = utf8 */;
CREATE TABLE `state` (
  `state_id` varchar(127) NOT NULL,
  `state_name` varchar(127) NOT NULL,
  `state_type` varchar(127) NOT NULL,
  PRIMARY KEY (`state_id`)
) ENGINE=MyISAM DEFAULT CHARSET=latin1;
/*!40101 SET character_set_client = @saved_cs_client */;

--
-- Dumping data for table `state`
--

LOCK TABLES `state` WRITE;
/*!40000 ALTER TABLE `state` DISABLE KEYS */;
INSERT INTO `state` VALUES ('state:1','PO','PublishedObject'),('state:2','CuO','CurationObject'),('state:3','CO','CapturedObject');
/*!40000 ALTER TABLE `state` ENABLE KEYS */;
UNLOCK TABLES;

--
-- Table structure for table `transition`
--

DROP TABLE IF EXISTS `transition`;
/*!40101 SET @saved_cs_client     = @@character_set_client */;
/*!40101 SET character_set_client = utf8 */;
CREATE TABLE `transition` (
  `start_state_id` varchar(127) NOT NULL,
  `event_type_id` varchar(127) NOT NULL,
  `next_state_id` varchar(127) NOT NULL,
  PRIMARY KEY (`start_state_id`,`event_type_id`,`next_state_id`),
  KEY `event_type_id` (`event_type_id`),
  KEY `next_state_id` (`next_state_id`)
) ENGINE=MyISAM DEFAULT CHARSET=latin1;
/*!40101 SET character_set_client = @saved_cs_client */;

--
-- Dumping data for table `transition`
--

LOCK TABLES `transition` WRITE;
/*!40000 ALTER TABLE `transition` DISABLE KEYS */;
/*!40000 ALTER TABLE `transition` ENABLE KEYS */;
UNLOCK TABLES;
/*!40103 SET TIME_ZONE=@OLD_TIME_ZONE */;

/*!40101 SET SQL_MODE=@OLD_SQL_MODE */;
/*!40014 SET FOREIGN_KEY_CHECKS=@OLD_FOREIGN_KEY_CHECKS */;
/*!40014 SET UNIQUE_CHECKS=@OLD_UNIQUE_CHECKS */;
/*!40101 SET CHARACTER_SET_CLIENT=@OLD_CHARACTER_SET_CLIENT */;
/*!40101 SET CHARACTER_SET_RESULTS=@OLD_CHARACTER_SET_RESULTS */;
/*!40101 SET COLLATION_CONNECTION=@OLD_COLLATION_CONNECTION */;
/*!40111 SET SQL_NOTES=@OLD_SQL_NOTES */;

-- Dump completed on 2014-11-16 12:02:03
